Type de résidence principale,2010,2015,2021,code_insee,Ville
Ensemble des résidences principales,"3,5","3,5","3,5",01053,bourg-en-bresse
Maison,"5,0","4,9","4,9",01053,bourg-en-bresse
Appartement,"3,1","3,1","3,1",01053,bourg-en-bresse
Ensemble des résidences principales,"3,7","3,7","3,6",01283,oyonnax
Maison,"4,8","4,8","4,8",01283,oyonnax
Appartement,"3,3","3,3","3,2",01283,oyonnax
Ensemble des résidences principales,"3,8","3,8","3,7",02408,laon
Maison,"4,6","4,7","4,6",02408,laon
Appartement,"3,2","3,1","3,0",02408,laon
Ensemble des résidences principales,"3,9","3,9","3,8",02691,saint-quentin
Maison,"4,6","4,6","4,6",02691,saint-quentin
Appartement,"3,1","3,1","3,0",02691,saint-quentin
Ensemble des résidences principales,"3,7","3,6","3,6",02722,soissons
Maison,"4,8","4,8","4,9",02722,soissons
Appartement,"3,1","3,1","3,1",02722,soissons
Ensemble des résidences principales,"3,6","3,5","3,6",03185,montlucon
Maison,"4,4","4,4","4,4",03185,montlucon
Appartement,"3,0","2,9","3,0",03185,montlucon
Ensemble des résidences principales,"3,2","3,3","3,3",03310,vichy
Maison,"4,6","4,6","4,9",03310,vichy
Appartement,"2,7","2,8","2,9",03310,vichy
Ensemble des résidences principales,"3,7","3,8","3,7",04112,manosque
Maison,"4,5","4,5","4,5",04112,manosque
Appartement,"3,1","3,1","3,1",04112,manosque
Ensemble des résidences principales,"3,8","3,7","3,8",05061,gap
Maison,"4,9","4,9","4,9",05061,gap
Appartement,"3,2","3,1","3,2",05061,gap
Ensemble des résidences principales,"2,9","2,9","2,9",06004,antibes
Maison,"4,2","4,3","4,4",06004,antibes
Appartement,"2,6","2,6","2,6",06004,antibes
Ensemble des résidences principales,"2,9","3,0","2,9",06027,cagnes-sur-mer
Maison,"4,1","4,2","4,2",06027,cagnes-sur-mer
Appartement,"2,6","2,5","2,5",06027,cagnes-sur-mer
Ensemble des résidences principales,"2,8","2,8","2,8",06029,cannes
Maison,"4,1","4,0","4,2",06029,cannes
Appartement,"2,7","2,7","2,7",06029,cannes
Ensemble des résidences principales,"2,9","2,8","2,9",06030,le-cannet
Maison,"4,0","4,0","4,2",06030,le-cannet
Appartement,"2,7","2,6","2,7",06030,le-cannet
Ensemble des résidences principales,"3,4","3,4","3,5",06069,grasse
Maison,"4,4","4,4","4,5",06069,grasse
Appartement,"2,9","2,9","2,9",06069,grasse
Ensemble des résidences principales,"2,9","2,9","3,0",06079,mandelieu-la-napoule
Maison,"4,3","4,3","4,4",06079,mandelieu-la-napoule
Appartement,"2,6","2,6","2,6",06079,mandelieu-la-napoule
Ensemble des résidences principales,"2,8","2,9","2,8",06083,menton
Maison,"4,0","4,0","4,0",06083,menton
Appartement,"2,6","2,7","2,7",06083,menton
Ensemble des résidences principales,"2,8","2,8","2,8",06088,nice
Maison,"4,2","4,2","4,3",06088,nice
Appartement,"2,7","2,7","2,7",06088,nice
Ensemble des résidences principales,"3,0","3,0","3,0",06123,saint-laurent-du-var
Maison,"4,1","4,1","4,3",06123,saint-laurent-du-var
Appartement,"2,8","2,7","2,7",06123,saint-laurent-du-var
Ensemble des résidences principales,"3,0","3,0","3,0",06155,vallauris
Maison,"4,3","4,2","4,3",06155,vallauris
Appartement,"2,5","2,6","2,5",06155,vallauris
Ensemble des résidences principales,"3,6","3,7","3,8",08105,charleville-mezieres
Maison,"4,7","4,8","4,8",08105,charleville-mezieres
Appartement,"3,1","3,2","3,2",08105,charleville-mezieres
Ensemble des résidences principales,"3,3","3,2","3,1",10387,troyes
Maison,"4,7","4,5","4,6",10387,troyes
Appartement,"3,0","2,8","2,8",10387,troyes
Ensemble des résidences principales,"3,8","3,8","3,9",11069,carcassonne
Maison,"4,6","4,7","4,7",11069,carcassonne
Appartement,"2,9","2,9","2,9",11069,carcassonne
Ensemble des résidences principales,"3,7","3,6","3,5",11262,narbonne
Maison,"4,5","4,5","4,5",11262,narbonne
Appartement,"3,0","2,9","2,8",11262,narbonne
Ensemble des résidences principales,"3,9","3,9","3,9",12145,millau
Maison,"4,8","4,7","4,7",12145,millau
Appartement,"3,3","3,2","3,2",12145,millau
Ensemble des résidences principales,"3,5","3,4","3,3",12202,rodez
Maison,"5,2","5,2","5,2",12202,rodez
Appartement,"3,0","3,0","2,9",12202,rodez
Ensemble des résidences principales,"3,3","3,3","3,2",13001,aix-en-provence
Maison,"4,9","4,9","5,0",13001,aix-en-provence
Appartement,"2,8","2,8","2,7",13001,aix-en-provence
Ensemble des résidences principales,"4,1","4,1","4,1",13002,allauch
Maison,"4,3","4,4","4,4",13002,allauch
Appartement,"3,4","3,0","3,0",13002,allauch
Ensemble des résidences principales,"3,7","3,7","3,8",13004,arles
Maison,"4,2","4,3","4,3",13004,arles
Appartement,"3,1","3,0","3,1",13004,arles
Ensemble des résidences principales,"3,6","3,7","3,6",13005,aubagne
Maison,"4,4","4,4","4,4",13005,aubagne
Appartement,"3,2","3,2","3,1",13005,aubagne
Ensemble des résidences principales,"3,5","3,4","3,4",13028,la-ciotat
Maison,"4,3","4,4","4,3",13028,la-ciotat
Appartement,"3,0","3,0","2,9",13028,la-ciotat
Ensemble des résidences principales,"3,8","3,7","3,6",13041,gardanne
Maison,"4,3","4,3","4,3",13041,gardanne
Appartement,"3,1","3,1","3,0",13041,gardanne
Ensemble des résidences principales,"4,0","3,9","3,8",13047,istres
Maison,"4,5","4,4","4,5",13047,istres
Appartement,"3,4","3,2","3,1",13047,istres
Ensemble des résidences principales,"3,7","3,8","3,7",13054,marignane
Maison,"4,3","4,4","4,4",13054,marignane
Appartement,"3,3","3,3","3,2",13054,marignane
Ensemble des résidences principales,"3,2","3,2","3,1",13055,marseille
Maison,"4,2","4,2","4,2",13055,marseille
Appartement,"3,0","3,0","2,9",13055,marseille
Ensemble des résidences principales,"3,7","3,6","3,6",13056,martigues
Maison,"4,3","4,3","4,4",13056,martigues
Appartement,"3,4","3,2","3,1",13056,martigues
Ensemble des résidences principales,"3,9","3,7","3,7",13063,miramas
Maison,"4,4","4,2","4,3",13063,miramas
Appartement,"3,3","3,3","3,2",13063,miramas
Ensemble des résidences principales,"4,1","4,0","4,0",13071,les-pennes-mirabeau
Maison,"4,3","4,2","4,3",13071,les-pennes-mirabeau
Appartement,"3,5","3,3","3,3",13071,les-pennes-mirabeau
Ensemble des résidences principales,"3,8","3,7","3,7",13103,salon-de-provence
Maison,"4,6","4,6","4,7",13103,salon-de-provence
Appartement,"3,2","3,2","3,1",13103,salon-de-provence
Ensemble des résidences principales,"3,9","3,9","3,8",13117,vitrolles
Maison,"4,5","4,5","4,5",13117,vitrolles
Appartement,"3,4","3,3","3,3",13117,vitrolles
Ensemble des résidences principales,"3,1","3,1","3,0",14118,caen
Maison,"4,9","4,9","5,1",14118,caen
Appartement,"2,7","2,7","2,7",14118,caen
Ensemble des résidences principales,"3,4","3,4","3,3",14327,herouville-saint-clair
Maison,"4,8","4,8","4,8",14327,herouville-saint-clair
Appartement,"2,9","3,0","3,0",14327,herouville-saint-clair
Ensemble des résidences principales,"3,8","3,6","3,6",15014,aurillac
Maison,"5,1","4,9","4,9",15014,aurillac
Appartement,"3,2","3,0","3,0",15014,aurillac
Ensemble des résidences principales,"3,6","3,5","3,5",16015,angouleme
Maison,"4,5","4,5","4,5",16015,angouleme
Appartement,"2,8","2,8","2,7",16015,angouleme
Ensemble des résidences principales,"3,6","3,6","3,6",17299,rochefort
Maison,"4,3","4,3","4,4",17299,rochefort
Appartement,"2,9","2,8","2,7",17299,rochefort
Ensemble des résidences principales,"3,2","3,2","3,2",17300,la-rochelle
Maison,"4,4","4,4","4,6",17300,la-rochelle
Appartement,"2,6","2,6","2,6",17300,la-rochelle
Ensemble des résidences principales,"3,7","3,8","3,8",17415,saintes
Maison,"4,4","4,5","4,5",17415,saintes
Appartement,"2,7","2,7","2,8",17415,saintes
Ensemble des résidences principales,"3,6","3,7","3,7",18033,bourges
Maison,"4,5","4,5","4,7",18033,bourges
Appartement,"2,9","2,8","2,9",18033,bourges
Ensemble des résidences principales,"3,9","3,8","3,9",18279,vierzon
Maison,"4,3","4,2","4,4",18279,vierzon
Appartement,"2,9","2,8","2,8",18279,vierzon
Ensemble des résidences principales,"3,7","3,7","3,7",19031,brive-la-gaillarde
Maison,"4,5","4,6","4,6",19031,brive-la-gaillarde
Appartement,"2,9","2,8","2,8",19031,brive-la-gaillarde
Ensemble des résidences principales,"3,7","3,7","3,7",21054,beaune
Maison,"4,8","4,9","5,0",21054,beaune
Appartement,"2,9","2,9","2,9",21054,beaune
Ensemble des résidences principales,"3,2","3,1","3,1",21231,dijon
Maison,"4,8","4,8","4,9",21231,dijon
Appartement,"2,8","2,8","2,8",21231,dijon
Ensemble des résidences principales,"4,1","4,1","4,1",22113,lannion
Maison,"5,0","5,0","5,0",22113,lannion
Appartement,"2,6","2,6","2,6",22113,lannion
Ensemble des résidences principales,"3,8","3,8","3,8",22278,saint-brieuc
Maison,"5,0","5,1","5,1",22278,saint-brieuc
Appartement,"2,9","2,9","2,8",22278,saint-brieuc
Ensemble des résidences principales,"3,9","3,8","3,8",24037,bergerac
Maison,"4,5","4,4","4,4",24037,bergerac
Appartement,"2,7","2,7","2,7",24037,bergerac
Ensemble des résidences principales,"3,4","3,4","3,3",24322,perigueux
Maison,"4,7","4,7","4,8",24322,perigueux
Appartement,"2,8","2,8","2,7",24322,perigueux
Ensemble des résidences principales,"3,3","3,3","3,3",25056,besancon
Maison,"5,2","5,2","5,3",25056,besancon
Appartement,"3,0","3,0","3,0",25056,besancon
Ensemble des résidences principales,"3,7","3,6","3,7",25388,montbeliard
Maison,"5,0","5,0","5,2",25388,montbeliard
Appartement,"3,3","3,2","3,3",25388,montbeliard
Ensemble des résidences principales,"4,0","3,9","3,9",26198,montelimar
Maison,"4,8","4,8","4,8",26198,montelimar
Appartement,"3,1","3,0","3,1",26198,montelimar
Ensemble des résidences principales,"3,8","3,8","3,7",26281,romans-sur-isere
Maison,"4,7","4,6","4,6",26281,romans-sur-isere
Appartement,"3,1","3,2","3,1",26281,romans-sur-isere
Ensemble des résidences principales,"3,6","3,6","3,5",26362,valence
Maison,"4,9","4,9","5,0",26362,valence
Appartement,"3,2","3,1","3,1",26362,valence
Ensemble des résidences principales,"3,4","3,4","3,4",27229,evreux
Maison,"4,6","4,6","4,6",27229,evreux
Appartement,"2,9","2,8","2,9",27229,evreux
Ensemble des résidences principales,"3,7","3,7","3,7",27681,vernon
Maison,"4,9","4,8","4,9",27681,vernon
Appartement,"2,9","2,8","2,8",27681,vernon
Ensemble des résidences principales,"3,4","3,4","3,4",28085,chartres
Maison,"4,9","4,9","4,9",28085,chartres
Appartement,"2,8","2,8","2,8",28085,chartres
Ensemble des résidences principales,"3,7","3,6","3,7",28134,dreux
Maison,"4,5","4,5","4,6",28134,dreux
Appartement,"3,1","3,0","3,1",28134,dreux
Ensemble des résidences principales,"3,6","3,5","3,6",29019,brest
Maison,"5,1","5,1","5,2",29019,brest
Appartement,"3,1","3,0","3,0",29019,brest
Ensemble des résidences principales,"4,2","4,1","4,2",29039,concarneau
Maison,"4,9","4,9","5,0",29039,concarneau
Appartement,"3,0","2,9","2,9",29039,concarneau
Ensemble des résidences principales,"3,9","3,9","3,9",29232,quimper
Maison,"5,1","5,1","5,1",29232,quimper
Appartement,"2,7","2,7","2,7",29232,quimper
Ensemble des résidences principales,"3,5","3,4","3,4",2A004,ajaccio
Maison,"4,4","4,3","4,4",2A004,ajaccio
Appartement,"3,4","3,3","3,3",2A004,ajaccio
Ensemble des résidences principales,"3,4","3,5","3,4",2B033,bastia
Maison,"4,4","4,5","4,7",2B033,bastia
Appartement,"3,3","3,4","3,3",2B033,bastia
Ensemble des résidences principales,"3,7","3,6","3,5",30007,ales
Maison,"4,5","4,4","4,4",30007,ales
Appartement,"3,2","3,1","3,0",30007,ales
Ensemble des résidences principales,"3,5","3,4","3,4",30189,nimes
Maison,"4,5","4,5","4,6",30189,nimes
Appartement,"3,0","2,9","2,8",30189,nimes
Ensemble des résidences principales,"3,7","3,6","3,5",31069,blagnac
Maison,"4,8","4,9","4,9",31069,blagnac
Appartement,"3,0","2,9","2,9",31069,blagnac
Ensemble des résidences principales,"3,9","3,8","3,8",31149,colomiers
Maison,"4,8","4,7","4,8",31149,colomiers
Appartement,"3,1","3,1","3,0",31149,colomiers
Ensemble des résidences principales,"4,0","4,0","4,0",31157,cugnaux
Maison,"4,8","4,8","4,8",31157,cugnaux
Appartement,"2,9","3,0","2,9",31157,cugnaux
Ensemble des résidences principales,"4,0","4,0","3,9",31395,muret
Maison,"4,8","4,8","4,8",31395,muret
Appartement,"3,1","3,0","2,9",31395,muret
Ensemble des résidences principales,"3,1","3,0","3,0",31555,toulouse
Maison,"4,7","4,8","4,8",31555,toulouse
Appartement,"2,7","2,7","2,6",31555,toulouse
Ensemble des résidences principales,"4,5","4,4","4,2",31557,tournefeuille
Maison,"5,1","5,2","5,2",31557,tournefeuille
Appartement,"2,7","2,7","2,7",31557,tournefeuille
Ensemble des résidences principales,"3,6","3,8","3,7",32013,auch
Maison,"4,6","4,8","4,7",32013,auch
Appartement,"2,8","2,8","2,8",32013,auch
Ensemble des résidences principales,"3,7","3,6","3,5",33039,begles
Maison,"4,2","4,2","4,3",33039,begles
Appartement,"3,0","2,9","2,8",33039,begles
Ensemble des résidences principales,"3,0","3,0","3,0",33063,bordeaux
Maison,"4,6","4,6","4,7",33063,bordeaux
Appartement,"2,5","2,5","2,5",33063,bordeaux
Ensemble des résidences principales,"3,8","3,8","3,8",33069,le-bouscat
Maison,"4,6","4,7","4,8",33069,le-bouscat
Appartement,"3,0","3,1","3,0",33069,le-bouscat
Ensemble des résidences principales,"3,8","3,7","3,6",33075,bruges
Maison,"4,5","4,6","4,7",33075,bruges
Appartement,"3,0","3,0","2,9",33075,bruges
Ensemble des résidences principales,"3,6","3,5","3,2",33119,cenon
Maison,"4,1","4,2","4,1",33119,cenon
Appartement,"3,3","3,1","2,8",33119,cenon
Ensemble des résidences principales,"4,1","3,9","3,8",33162,eysines
Maison,"4,7","4,7","4,7",33162,eysines
Appartement,"3,1","3,0","2,8",33162,eysines
Ensemble des résidences principales,"3,9","3,8","3,8",33192,gradignan
Maison,"4,9","5,0","5,1",33192,gradignan
Appartement,"2,7","2,6","2,6",33192,gradignan
Ensemble des résidences principales,"4,1","4,1","4,1",33199,gujan-mestras
Maison,"4,3","4,3","4,4",33199,gujan-mestras
Appartement,"2,5","2,7","2,6",33199,gujan-mestras
Ensemble des résidences principales,"3,7","3,8","3,7",33243,libourne
Maison,"4,5","4,5","4,5",33243,libourne
Appartement,"2,7","2,9","2,7",33243,libourne
Ensemble des résidences principales,"3,7","3,6","3,4",33249,lormont
Maison,"4,3","4,4","4,3",33249,lormont
Appartement,"3,3","3,2","3,1",33249,lormont
Ensemble des résidences principales,"3,7","3,6","3,6",33281,merignac
Maison,"4,6","4,7","4,7",33281,merignac
Appartement,"3,0","2,9","2,9",33281,merignac
Ensemble des résidences principales,"3,9","3,7","3,6",33318,pessac
Maison,"4,7","4,8","4,8",33318,pessac
Appartement,"2,8","2,6","2,5",33318,pessac
Ensemble des résidences principales,"4,5","4,4","4,4",33449,saint-medard-en-jalles
Maison,"4,8","4,8","4,8",33449,saint-medard-en-jalles
Appartement,"2,8","2,8","2,8",33449,saint-medard-en-jalles
Ensemble des résidences principales,"3,0","2,9","3,0",33522,talence
Maison,"4,5","4,5","4,6",33522,talence
Appartement,"2,3","2,3","2,3",33522,talence
Ensemble des résidences principales,"4,1","4,0","3,8",33529,la-teste-de-buch
Maison,"4,4","4,4","4,4",33529,la-teste-de-buch
Appartement,"3,0","2,8","2,8",33529,la-teste-de-buch
Ensemble des résidences principales,"4,1","4,0","3,7",33550,villenave-d-ornon
Maison,"4,6","4,6","4,6",33550,villenave-d-ornon
Appartement,"3,1","2,9","2,7",33550,villenave-d-ornon
Ensemble des résidences principales,"3,5","3,5","3,4",34003,agde
Maison,"4,1","4,2","4,2",34003,agde
Appartement,"2,7","2,6","2,6",34003,agde
Ensemble des résidences principales,"3,6","3,6","3,6",34032,beziers
Maison,"4,3","4,4","4,5",34032,beziers
Appartement,"3,0","3,1","3,0",34032,beziers
Ensemble des résidences principales,"4,4","3,8","3,6",34057,castelnau-le-lez
Maison,"5,1","5,1","5,2",34057,castelnau-le-lez
Appartement,"2,9","2,6","2,6",34057,castelnau-le-lez
Ensemble des résidences principales,"3,8","3,8","3,8",34108,frontignan
Maison,"4,2","4,3","4,3",34108,frontignan
Appartement,"3,1","3,0","3,1",34108,frontignan
Ensemble des résidences principales,"3,9","3,8","3,8",34145,lunel
Maison,"4,4","4,4","4,4",34145,lunel
Appartement,"3,0","2,8","2,8",34145,lunel
Ensemble des résidences principales,"3,0","2,9","2,9",34172,montpellier
Maison,"4,7","4,6","4,7",34172,montpellier
Appartement,"2,7","2,6","2,6",34172,montpellier
Ensemble des résidences principales,"3,4","3,3","3,2",34301,sete
Maison,"4,4","4,3","4,4",34301,sete
Appartement,"3,1","3,0","2,9",34301,sete
Ensemble des résidences principales,"3,8","3,8","3,8",35115,fougeres
Maison,"4,8","4,8","4,9",35115,fougeres
Appartement,"3,1","3,0","3,1",35115,fougeres
Ensemble des résidences principales,"3,2","3,2","3,2",35238,rennes
Maison,"5,1","5,2","5,3",35238,rennes
Appartement,"2,9","2,9","2,9",35238,rennes
Ensemble des résidences principales,"4,0","3,8","3,9",35288,saint-malo
Maison,"5,1","5,1","5,3",35288,saint-malo
Appartement,"3,1","2,9","3,0",35288,saint-malo
Ensemble des résidences principales,"3,7","3,8","3,8",36044,chateauroux
Maison,"4,5","4,6","4,6",36044,chateauroux
Appartement,"3,0","3,0","3,1",36044,chateauroux
Ensemble des résidences principales,"3,8","3,8","3,8",37122,joue-les-tours
Maison,"4,7","4,7","4,9",37122,joue-les-tours
Appartement,"2,9","3,0","2,9",37122,joue-les-tours
Ensemble des résidences principales,"3,2","3,2","3,1",37261,tours
Maison,"4,8","4,8","4,8",37261,tours
Appartement,"2,7","2,7","2,7",37261,tours
Ensemble des résidences principales,"3,7","3,6","3,6",38053,bourgoin-jallieu
Maison,"4,9","4,8","4,8",38053,bourgoin-jallieu
Appartement,"3,2","3,2","3,1",38053,bourgoin-jallieu
Ensemble des résidences principales,"3,6","3,6","3,5",38151,echirolles
Maison,"4,7","4,7","4,7",38151,echirolles
Appartement,"3,5","3,4","3,4",38151,echirolles
Ensemble des résidences principales,"3,5","3,5","3,5",38169,fontaine
Maison,"4,5","4,6","4,8",38169,fontaine
Appartement,"3,3","3,3","3,3",38169,fontaine
Ensemble des résidences principales,"3,0","3,0","3,0",38185,grenoble
Maison,"4,9","4,9","5,0",38185,grenoble
Appartement,"3,0","3,0","3,0",38185,grenoble
Ensemble des résidences principales,"3,3","3,2","3,2",38421,saint-martin-d-heres
Maison,"4,6","4,6","4,7",38421,saint-martin-d-heres
Appartement,"3,1","3,0","3,1",38421,saint-martin-d-heres
Ensemble des résidences principales,"3,7","3,6","3,6",38544,vienne
Maison,"4,9","4,9","4,9",38544,vienne
Appartement,"3,3","3,3","3,1",38544,vienne
Ensemble des résidences principales,"3,7","3,7","3,6",38563,voiron
Maison,"5,2","5,2","5,3",38563,voiron
Appartement,"3,3","3,3","3,2",38563,voiron
Ensemble des résidences principales,"3,9","3,9","3,9",39198,dole
Maison,"5,0","4,9","4,9",39198,dole
Appartement,"3,3","3,2","3,3",39198,dole
Ensemble des résidences principales,"3,4","3,3","3,4",40088,dax
Maison,"4,6","4,6","4,6",40088,dax
Appartement,"2,7","2,6","2,6",40088,dax
Ensemble des résidences principales,"4,0","4,0","4,0",40192,mont-de-marsan
Maison,"4,8","4,8","4,9",40192,mont-de-marsan
Appartement,"2,8","2,7","2,8",40192,mont-de-marsan
Ensemble des résidences principales,"3,5","3,5","3,6",41018,blois
Maison,"4,6","4,7","4,8",41018,blois
Appartement,"2,9","2,9","3,0",41018,blois
Ensemble des résidences principales,"3,4","3,5","3,4",42187,roanne
Maison,"4,4","4,5","4,6",42187,roanne
Appartement,"3,2","3,1","3,1",42187,roanne
Ensemble des résidences principales,"3,8","3,9","3,9",42207,saint-chamond
Maison,"4,9","4,9","4,9",42207,saint-chamond
Appartement,"3,3","3,4","3,4",42207,saint-chamond
Ensemble des résidences principales,"3,4","3,4","3,4",42218,saint-etienne
Maison,"4,8","4,8","4,9",42218,saint-etienne
Appartement,"3,2","3,2","3,2",42218,saint-etienne
Ensemble des résidences principales,"4,4","4,3","4,3",44020,bouguenais
Maison,"4,8","4,7","4,8",44020,bouguenais
Appartement,"3,0","2,9","2,9",44020,bouguenais
Ensemble des résidences principales,"4,5","4,5","4,4",44026,carquefou
Maison,"5,3","5,5","5,5",44026,carquefou
Appartement,"2,3","2,3","2,5",44026,carquefou
Ensemble des résidences principales,"4,9","4,7","4,6",44035,la-chapelle-sur-erdre
Maison,"5,4","5,3","5,4",44035,la-chapelle-sur-erdre
Appartement,"2,8","2,6","2,7",44035,la-chapelle-sur-erdre
Ensemble des résidences principales,"4,4","4,3","4,3",44047,coueron
Maison,"4,6","4,7","4,8",44047,coueron
Appartement,"3,0","2,8","2,8",44047,coueron
Ensemble des résidences principales,"3,2","3,2","3,2",44109,nantes
Maison,"5,1","5,1","5,2",44109,nantes
Appartement,"2,7","2,7","2,7",44109,nantes
Ensemble des résidences principales,"4,5","4,4","4,4",44114,orvault
Maison,"5,3","5,3","5,4",44114,orvault
Appartement,"3,2","3,1","3,0",44114,orvault
Ensemble des résidences principales,"3,9","3,9","3,8",44143,reze
Maison,"4,5","4,6","4,7",44143,reze
Appartement,"3,1","3,1","3,0",44143,reze
Ensemble des résidences principales,"4,0","3,9","3,8",44162,saint-herblain
Maison,"4,9","4,9","5,0",44162,saint-herblain
Appartement,"3,4","3,2","3,1",44162,saint-herblain
Ensemble des résidences principales,"3,8","3,8","3,7",44184,saint-nazaire
Maison,"4,8","4,8","4,9",44184,saint-nazaire
Appartement,"3,1","3,0","2,9",44184,saint-nazaire
Ensemble des résidences principales,"4,1","4,0","3,9",44190,saint-sebastien-sur-loire
Maison,"4,8","4,8","4,9",44190,saint-sebastien-sur-loire
Appartement,"2,9","2,8","2,8",44190,saint-sebastien-sur-loire
Ensemble des résidences principales,"4,7","4,6","4,5",44215,vertou
Maison,"4,9","5,0","5,1",44215,vertou
Appartement,"2,9","2,8","2,7",44215,vertou
Ensemble des résidences principales,"3,9","4,0","4,0",45147,fleury-les-aubrais
Maison,"4,5","4,7","4,7",45147,fleury-les-aubrais
Appartement,"3,2","3,2","3,2",45147,fleury-les-aubrais
Ensemble des résidences principales,"4,0","3,9","3,8",45232,olivet
Maison,"5,2","5,3","5,2",45232,olivet
Appartement,"2,3","2,3","2,3",45232,olivet
Ensemble des résidences principales,"3,3","3,3","3,3",45234,orleans
Maison,"5,0","5,1","5,1",45234,orleans
Appartement,"2,8","2,8","2,8",45234,orleans
Ensemble des résidences principales,"4,0","4,0","3,9",45284,saint-jean-de-braye
Maison,"4,9","5,0","5,0",45284,saint-jean-de-braye
Appartement,"3,0","3,0","3,0",45284,saint-jean-de-braye
Ensemble des résidences principales,"3,6","3,7","3,8",46042,cahors
Maison,"4,5","4,6","4,7",46042,cahors
Appartement,"2,8","2,9","2,9",46042,cahors
Ensemble des résidences principales,"3,3","3,2","3,3",47001,agen
Maison,"4,6","4,5","4,7",47001,agen
Appartement,"2,8","2,7","2,7",47001,agen
Ensemble des résidences principales,"4,0","4,0","4,0",47323,villeneuve-sur-lot
Maison,"4,5","4,5","4,6",47323,villeneuve-sur-lot
Appartement,"2,7","2,6","2,6",47323,villeneuve-sur-lot
Ensemble des résidences principales,"3,3","3,3","3,3",49007,angers
Maison,"5,2","5,2","5,3",49007,angers
Appartement,"2,8","2,7","2,7",49007,angers
Ensemble des résidences principales,"4,7","4,7","4,7",49023,beaupreau-en-mauges
Maison,"4,9","4,9","4,9",49023,beaupreau-en-mauges
Appartement,"2,6","2,6","2,7",49023,beaupreau-en-mauges
Ensemble des résidences principales,"4,7","4,7","4,8",49092,chemille-en-anjou
Maison,"4,8","4,9","5,0",49092,chemille-en-anjou
Appartement,"2,8","2,8","2,7",49092,chemille-en-anjou
Ensemble des résidences principales,"4,1","4,0","4,1",49099,cholet
Maison,"4,8","4,8","4,8",49099,cholet
Appartement,"3,0","3,0","2,9",49099,cholet
Ensemble des résidences principales,"4,7","4,7","4,8",49301,sevremoine
Maison,"4,8","4,8","4,9",49301,sevremoine
Appartement,"2,7","2,7","2,8",49301,sevremoine
Ensemble des résidences principales,"4,0","4,0","4,0",49328,saumur
Maison,"5,0","5,0","5,0",49328,saumur
Appartement,"3,0","2,9","2,9",49328,saumur
Ensemble des résidences principales,"3,8","3,9","3,9",50129,cherbourg-en-cotentin
Maison,"4,6","4,7","4,8",50129,cherbourg-en-cotentin
Appartement,"3,0","3,0","3,0",50129,cherbourg-en-cotentin
Ensemble des résidences principales,"3,6","3,7","3,7",51108,chalons-en-champagne
Maison,"5,0","4,9","5,0",51108,chalons-en-champagne
Appartement,"3,0","3,1","3,1",51108,chalons-en-champagne
Ensemble des résidences principales,"3,7","3,7","3,7",51230,epernay
Maison,"4,9","4,9","5,0",51230,epernay
Appartement,"3,0","3,0","3,0",51230,epernay
Ensemble des résidences principales,"3,4","3,4","3,4",51454,reims
Maison,"5,0","5,0","5,1",51454,reims
Appartement,"3,0","3,0","3,0",51454,reims
Ensemble des résidences principales,"3,8","3,7","3,8",52121,chaumont
Maison,"4,8","4,7","4,8",52121,chaumont
Appartement,"3,0","3,0","3,1",52121,chaumont
Ensemble des résidences principales,"3,8","3,8","3,7",52448,saint-dizier
Maison,"4,5","4,7","4,6",52448,saint-dizier
Appartement,"3,2","3,2","3,0",52448,saint-dizier
Ensemble des résidences principales,"3,7","3,7","3,7",53130,laval
Maison,"4,8","4,8","4,9",53130,laval
Appartement,"2,9","2,9","2,9",53130,laval
Ensemble des résidences principales,"3,0","3,0","3,0",54395,nancy
Maison,"5,4","5,4","5,5",54395,nancy
Appartement,"2,8","2,7","2,7",54395,nancy
Ensemble des résidences principales,"3,2","3,2","3,1",54547,vandoeuvre-les-nancy
Maison,"5,1","5,1","5,2",54547,vandoeuvre-les-nancy
Appartement,"2,8","2,8","2,7",54547,vandoeuvre-les-nancy
Ensemble des résidences principales,"4,1","4,1","4,2",56098,lanester
Maison,"4,8","4,8","4,9",56098,lanester
Appartement,"3,2","3,2","3,1",56098,lanester
Ensemble des résidences principales,"3,5","3,5","3,5",56121,lorient
Maison,"4,9","4,9","5,1",56121,lorient
Appartement,"3,0","3,0","2,9",56121,lorient
Ensemble des résidences principales,"3,6","3,6","3,6",56260,vannes
Maison,"5,3","5,4","5,4",56260,vannes
Appartement,"2,8","2,8","2,8",56260,vannes
Ensemble des résidences principales,"4,0","4,0","4,0",57227,forbach
Maison,"5,2","5,2","5,1",57227,forbach
Appartement,"3,4","3,4","3,5",57227,forbach
Ensemble des résidences principales,"3,4","3,3","3,3",57463,metz
Maison,"5,3","5,2","5,3",57463,metz
Appartement,"3,1","3,1","3,0",57463,metz
Ensemble des résidences principales,"3,7","3,7","3,6",57480,montigny-les-metz
Maison,"5,1","5,2","5,3",57480,montigny-les-metz
Appartement,"3,3","3,2","3,2",57480,montigny-les-metz
Ensemble des résidences principales,"4,0","3,9","3,9",57631,sarreguemines
Maison,"5,1","5,2","5,2",57631,sarreguemines
Appartement,"3,3","3,1","3,2",57631,sarreguemines
Ensemble des résidences principales,"3,9","3,8","3,8",57672,thionville
Maison,"5,4","5,3","5,3",57672,thionville
Appartement,"3,3","3,3","3,2",57672,thionville
Ensemble des résidences principales,"3,5","3,6","3,6",58194,nevers
Maison,"4,6","4,7","4,8",58194,nevers
Appartement,"3,0","3,0","3,0",58194,nevers
Ensemble des résidences principales,"4,0","4,0","3,9",59009,villeneuve-d-ascq
Maison,"5,2","5,1","5,2",59009,villeneuve-d-ascq
Appartement,"3,1","3,1","2,9",59009,villeneuve-d-ascq
Ensemble des résidences principales,"4,3","4,2","4,0",59017,armentieres
Maison,"5,1","5,0","5,0",59017,armentieres
Appartement,"2,9","2,9","2,8",59017,armentieres
Ensemble des résidences principales,"4,0","3,9","3,8",59122,cambrai
Maison,"4,9","4,9","4,9",59122,cambrai
Appartement,"2,7","2,6","2,5",59122,cambrai
Ensemble des résidences principales,"4,5","4,4","4,5",59155,coudekerque-branche
Maison,"5,0","4,9","4,9",59155,coudekerque-branche
Appartement,"3,4","3,3","3,4",59155,coudekerque-branche
Ensemble des résidences principales,"4,3","4,2","4,1",59163,croix
Maison,"5,2","5,2","5,2",59163,croix
Appartement,"2,9","2,8","2,8",59163,croix
Ensemble des résidences principales,"4,4","4,3","4,4",59172,denain
Maison,"4,7","4,6","4,8",59172,denain
Appartement,"3,0","2,8","2,9",59172,denain
Ensemble des résidences principales,"4,0","3,9","3,8",59178,douai
Maison,"5,0","5,0","4,9",59178,douai
Appartement,"3,0","2,8","2,9",59178,douai
Ensemble des résidences principales,"4,0","4,0","4,0",59183,dunkerque
Maison,"5,0","5,0","5,1",59183,dunkerque
Appartement,"3,2","3,1","3,2",59183,dunkerque
Ensemble des résidences principales,"4,3","4,3","4,3",59271,grande-synthe
Maison,"4,9","4,9","4,9",59271,grande-synthe
Appartement,"3,6","3,7","3,5",59271,grande-synthe
Ensemble des résidences principales,"4,6","4,5","4,3",59279,halluin
Maison,"5,0","5,0","5,0",59279,halluin
Appartement,"3,0","2,8","2,8",59279,halluin
Ensemble des résidences principales,"4,5","4,4","4,4",59295,hazebrouck
Maison,"5,0","4,9","5,0",59295,hazebrouck
Appartement,"2,9","3,0","2,9",59295,hazebrouck
Ensemble des résidences principales,"4,4","4,2","4,3",59328,lambersart
Maison,"5,3","5,2","5,3",59328,lambersart
Appartement,"3,0","2,9","3,0",59328,lambersart
Ensemble des résidences principales,"3,0","3,0","3,0",59350,lille
Maison,"4,9","4,9","5,0",59350,lille
Appartement,"2,5","2,5","2,5",59350,lille
Ensemble des résidences principales,"3,8","3,6","3,6",59360,loos
Maison,"4,8","4,8","4,8",59360,loos
Appartement,"2,9","2,8","2,7",59360,loos
Ensemble des résidences principales,"3,6","3,6","3,6",59368,la-madeleine
Maison,"5,3","5,3","5,4",59368,la-madeleine
Appartement,"3,0","2,9","2,9",59368,la-madeleine
Ensemble des résidences principales,"4,4","4,4","4,3",59378,marcq-en-baroeul
Maison,"5,4","5,4","5,4",59378,marcq-en-baroeul
Appartement,"3,1","3,1","3,1",59378,marcq-en-baroeul
Ensemble des résidences principales,"4,2","4,2","4,3",59392,maubeuge
Maison,"4,9","4,9","5,0",59392,maubeuge
Appartement,"3,3","3,3","3,3",59392,maubeuge
Ensemble des résidences principales,"4,0","4,1","4,0",59410,mons-en-baroeul
Maison,"5,1","5,1","5,1",59410,mons-en-baroeul
Appartement,"3,3","3,3","3,1",59410,mons-en-baroeul
Ensemble des résidences principales,"4,1","3,9","3,8",59512,roubaix
Maison,"5,3","5,2","5,1",59512,roubaix
Appartement,"3,0","2,9","2,8",59512,roubaix
Ensemble des résidences principales,"4,3","4,2","4,1",59599,tourcoing
Maison,"5,1","5,1","5,0",59599,tourcoing
Appartement,"3,1","3,0","3,0",59599,tourcoing
Ensemble des résidences principales,"3,6","3,5","3,5",59606,valenciennes
Maison,"4,9","4,9","4,9",59606,valenciennes
Appartement,"2,6","2,5","2,6",59606,valenciennes
Ensemble des résidences principales,"4,5","4,3","4,2",59646,wasquehal
Maison,"5,1","5,1","5,0",59646,wasquehal
Appartement,"3,1","3,1","2,9",59646,wasquehal
Ensemble des résidences principales,"4,5","4,3","4,2",59650,wattrelos
Maison,"4,9","4,7","4,7",59650,wattrelos
Appartement,"3,2","3,1","3,1",59650,wattrelos
Ensemble des résidences principales,"3,6","3,5","3,5",60057,beauvais
Maison,"4,7","4,6","4,7",60057,beauvais
Appartement,"3,1","3,0","3,0",60057,beauvais
Ensemble des résidences principales,"3,4","3,4","3,5",60159,compiegne
Maison,"5,2","5,4","5,4",60159,compiegne
Appartement,"2,9","2,8","2,9",60159,compiegne
Ensemble des résidences principales,"3,3","3,4","3,3",60175,creil
Maison,"4,5","4,6","4,5",60175,creil
Appartement,"3,1","3,2","3,1",60175,creil
Ensemble des résidences principales,"3,7","3,7","3,6",60463,nogent-sur-oise
Maison,"4,5","4,6","4,6",60463,nogent-sur-oise
Appartement,"3,2","3,1","3,0",60463,nogent-sur-oise
Ensemble des résidences principales,"3,5","3,5","3,5",61001,alencon
Maison,"4,6","4,5","4,5",61001,alencon
Appartement,"2,9","2,8","2,8",61001,alencon
Ensemble des résidences principales,"3,6","3,6","3,6",62041,arras
Maison,"5,0","5,0","5,2",62041,arras
Appartement,"2,8","2,8","2,8",62041,arras
Ensemble des résidences principales,"3,8","3,7","3,8",62119,bethune
Maison,"4,7","4,7","4,8",62119,bethune
Appartement,"2,8","2,7","2,8",62119,bethune
Ensemble des résidences principales,"3,5","3,5","3,5",62160,boulogne-sur-mer
Maison,"4,8","4,9","4,8",62160,boulogne-sur-mer
Appartement,"3,1","3,0","3,0",62160,boulogne-sur-mer
Ensemble des résidences principales,"4,0","3,9","4,1",62178,bruay-la-buissiere
Maison,"4,3","4,2","4,4",62178,bruay-la-buissiere
Appartement,"2,8","2,9","2,8",62178,bruay-la-buissiere
Ensemble des résidences principales,"4,0","3,9","4,0",62193,calais
Maison,"4,9","4,8","4,8",62193,calais
Appartement,"3,1","3,0","3,0",62193,calais
Ensemble des résidences principales,"4,3","4,2","4,3",62427,henin-beaumont
Maison,"4,8","4,8","4,9",62427,henin-beaumont
Appartement,"3,0","2,8","2,8",62427,henin-beaumont
Ensemble des résidences principales,"3,9","4,0","3,8",62498,lens
Maison,"4,5","4,6","4,5",62498,lens
Appartement,"2,9","2,9","2,8",62498,lens
Ensemble des résidences principales,"4,0","4,1","4,2",62510,lievin
Maison,"4,4","4,5","4,6",62510,lievin
Appartement,"3,0","2,9","3,1",62510,lievin
Ensemble des résidences principales,"3,2","3,2","3,2",63113,clermont-ferrand
Maison,"4,5","4,6","4,7",63113,clermont-ferrand
Appartement,"2,9","2,9","2,9",63113,clermont-ferrand
Ensemble des résidences principales,"4,2","4,2","4,2",63124,cournon-d-auvergne
Maison,"4,6","4,7","4,8",63124,cournon-d-auvergne
Appartement,"3,4","3,3","3,3",63124,cournon-d-auvergne
Ensemble des résidences principales,"3,6","3,6","3,6",64024,anglet
Maison,"4,6","4,7","4,9",64024,anglet
Appartement,"2,9","2,8","2,8",64024,anglet
Ensemble des résidences principales,"3,2","3,2","3,2",64102,bayonne
Maison,"4,9","4,8","5,0",64102,bayonne
Appartement,"3,0","2,9","2,9",64102,bayonne
Ensemble des résidences principales,"3,4","3,5","3,5",64122,biarritz
Maison,"4,8","5,0","5,1",64122,biarritz
Appartement,"2,9","2,9","2,9",64122,biarritz
Ensemble des résidences principales,"3,3","3,3","3,3",64445,pau
Maison,"5,0","5,0","5,1",64445,pau
Appartement,"2,9","2,8","2,9",64445,pau
Ensemble des résidences principales,"3,5","3,5","3,3",65440,tarbes
Maison,"4,7","4,7","4,6",65440,tarbes
Appartement,"3,0","3,0","2,9",65440,tarbes
Ensemble des résidences principales,"3,4","3,4","3,4",66136,perpignan
Maison,"4,5","4,5","4,6",66136,perpignan
Appartement,"3,0","3,0","3,0",66136,perpignan
Ensemble des résidences principales,"4,0","3,9","3,8",67180,haguenau
Maison,"5,1","5,1","5,2",67180,haguenau
Appartement,"3,0","3,0","2,9",67180,haguenau
Ensemble des résidences principales,"3,5","3,5","3,5",67218,illkirch-graffenstaden
Maison,"5,2","5,2","5,1",67218,illkirch-graffenstaden
Appartement,"2,9","3,0","3,0",67218,illkirch-graffenstaden
Ensemble des résidences principales,"3,9","3,8","3,7",67267,lingolsheim
Maison,"5,3","5,2","5,2",67267,lingolsheim
Appartement,"3,2","3,3","3,2",67267,lingolsheim
Ensemble des résidences principales,"3,3","3,3","3,3",67447,schiltigheim
Maison,"4,9","5,0","5,1",67447,schiltigheim
Appartement,"3,1","3,1","3,1",67447,schiltigheim
Ensemble des résidences principales,"3,1","3,1","3,1",67482,strasbourg
Maison,"5,2","5,2","5,2",67482,strasbourg
Appartement,"3,0","3,0","3,0",67482,strasbourg
Ensemble des résidences principales,"3,5","3,5","3,5",68066,colmar
Maison,"5,1","5,0","5,0",68066,colmar
Appartement,"3,2","3,2","3,1",68066,colmar
Ensemble des résidences principales,"3,4","3,4","3,4",68224,mulhouse
Maison,"5,1","5,1","5,1",68224,mulhouse
Appartement,"3,2","3,1","3,1",68224,mulhouse
Ensemble des résidences principales,"3,6","3,5","3,6",68297,saint-louis
Maison,"4,9","4,9","4,9",68297,saint-louis
Appartement,"3,1","3,0","3,0",68297,saint-louis
Ensemble des résidences principales,"3,6","3,5","3,4",69029,bron
Maison,"4,9","5,0","5,1",69029,bron
Appartement,"3,3","3,2","3,1",69029,bron
Ensemble des résidences principales,"3,7","3,7","3,6",69034,caluire-et-cuire
Maison,"5,4","5,4","5,4",69034,caluire-et-cuire
Appartement,"3,4","3,4","3,2",69034,caluire-et-cuire
Ensemble des résidences principales,"3,6","3,6","3,7",69091,givors
Maison,"4,5","4,4","4,5",69091,givors
Appartement,"3,3","3,3","3,4",69091,givors
Ensemble des résidences principales,"3,0","3,0","3,0",69123,lyon
Maison,"5,0","5,1","5,2",69123,lyon
Appartement,"3,0","3,0","2,9",69123,lyon
Ensemble des résidences principales,"3,5","3,6","3,4",69149,oullins-pierre-benite
Maison,"4,7","4,8","4,8",69149,oullins-pierre-benite
Appartement,"3,2","3,2","3,1",69149,oullins-pierre-benite
Ensemble des résidences principales,"4,2","4,2","4,1",69202,sainte-foy-les-lyon
Maison,"5,6","5,7","5,7",69202,sainte-foy-les-lyon
Appartement,"3,7","3,7","3,5",69202,sainte-foy-les-lyon
Ensemble des résidences principales,"4,1","4,1","4,0",69204,saint-genis-laval
Maison,"5,1","5,2","5,2",69204,saint-genis-laval
Appartement,"3,4","3,3","3,2",69204,saint-genis-laval
Ensemble des résidences principales,"3,9","3,7","3,7",69244,tassin-la-demi-lune
Maison,"5,8","5,7","6,0",69244,tassin-la-demi-lune
Appartement,"3,4","3,2","3,2",69244,tassin-la-demi-lune
Ensemble des résidences principales,"3,6","3,5","3,5",69256,vaulx-en-velin
Maison,"4,5","4,4","4,6",69256,vaulx-en-velin
Appartement,"3,3","3,3","3,3",69256,vaulx-en-velin
Ensemble des résidences principales,"3,6","3,5","3,4",69259,venissieux
Maison,"4,4","4,4","4,4",69259,venissieux
Appartement,"3,5","3,4","3,3",69259,venissieux
Ensemble des résidences principales,"3,4","3,4","3,4",69264,villefranche-sur-saone
Maison,"4,6","4,6","4,7",69264,villefranche-sur-saone
Appartement,"3,2","3,2","3,2",69264,villefranche-sur-saone
Ensemble des résidences principales,"3,0","3,0","2,9",69266,villeurbanne
Maison,"4,6","4,5","4,6",69266,villeurbanne
Appartement,"3,0","2,9","2,9",69266,villeurbanne
Ensemble des résidences principales,"3,8","3,7","3,7",69275,decines-charpieu
Maison,"4,5","4,6","4,7",69275,decines-charpieu
Appartement,"3,4","3,2","3,2",69275,decines-charpieu
Ensemble des résidences principales,"4,2","4,1","4,0",69282,meyzieu
Maison,"4,7","4,7","4,8",69282,meyzieu
Appartement,"3,4","3,2","3,1",69282,meyzieu
Ensemble des résidences principales,"3,9","3,9","3,8",69286,rillieux-la-pape
Maison,"5,0","5,0","5,0",69286,rillieux-la-pape
Appartement,"3,5","3,5","3,4",69286,rillieux-la-pape
Ensemble des résidences principales,"3,9","3,8","3,7",69290,saint-priest
Maison,"4,7","4,6","4,9",69290,saint-priest
Appartement,"3,6","3,5","3,3",69290,saint-priest
Ensemble des résidences principales,"3,4","3,4","3,4",71076,chalon-sur-saone
Maison,"4,8","4,7","4,8",71076,chalon-sur-saone
Appartement,"3,2","3,2","3,2",71076,chalon-sur-saone
Ensemble des résidences principales,"3,6","3,6","3,6",71153,le-creusot
Maison,"4,5","4,5","4,6",71153,le-creusot
Appartement,"3,1","3,1","3,0",71153,le-creusot
Ensemble des résidences principales,"3,6","3,6","3,6",71270,macon
Maison,"4,9","4,9","4,9",71270,macon
Appartement,"3,2","3,2","3,2",71270,macon
Ensemble des résidences principales,"3,6","3,7","3,7",72181,le-mans
Maison,"4,6","4,7","4,8",72181,le-mans
Appartement,"2,9","2,9","2,9",72181,le-mans
Ensemble des résidences principales,"3,5","3,4","3,4",73008,aix-les-bains
Maison,"5,0","5,0","5,0",73008,aix-les-bains
Appartement,"2,9","2,9","2,9",73008,aix-les-bains
Ensemble des résidences principales,"3,4","3,4","3,3",73065,chambery
Maison,"5,1","5,0","5,2",73065,chambery
Appartement,"3,1","3,1","3,0",73065,chambery
Ensemble des résidences principales,"3,4","3,4","3,3",74010,annecy
Maison,"5,2","5,1","5,2",74010,annecy
Appartement,"3,1","3,1","3,1",74010,annecy
Ensemble des résidences principales,"3,1","3,0","3,1",74012,annemasse
Maison,"4,8","4,7","4,8",74012,annemasse
Appartement,"3,0","2,9","3,0",74012,annemasse
Ensemble des résidences principales,"3,4","3,4","3,4",74281,thonon-les-bains
Maison,"4,8","5,0","4,9",74281,thonon-les-bains
Appartement,"3,0","3,0","3,0",74281,thonon-les-bains
Ensemble des résidences principales,"2,6","2,6","2,6",75056,paris
Maison,"4,4","4,3","4,4",75056,paris
Appartement,"2,6","2,6","2,6",75056,paris
Ensemble des résidences principales,"3,6","3,6","3,5",76217,dieppe
Maison,"4,6","4,6","4,6",76217,dieppe
Appartement,"3,1","3,0","3,0",76217,dieppe
Ensemble des résidences principales,"3,7","3,6","3,5",76322,le-grand-quevilly
Maison,"4,4","4,4","4,4",76322,le-grand-quevilly
Appartement,"3,4","3,3","3,3",76322,le-grand-quevilly
Ensemble des résidences principales,"3,5","3,5","3,5",76351,le-havre
Maison,"4,4","4,5","4,5",76351,le-havre
Appartement,"3,1","3,1","3,1",76351,le-havre
Ensemble des résidences principales,"4,0","3,6","3,8",76451,mont-saint-aignan
Maison,"5,8","5,4","5,7",76451,mont-saint-aignan
Appartement,"3,0","2,8","3,0",76451,mont-saint-aignan
Ensemble des résidences principales,"3,8","3,7","3,6",76498,le-petit-quevilly
Maison,"4,4","4,4","4,3",76498,le-petit-quevilly
Appartement,"3,3","3,2","3,1",76498,le-petit-quevilly
Ensemble des résidences principales,"3,0","3,0","2,9",76540,rouen
Maison,"4,8","4,8","4,9",76540,rouen
Appartement,"2,6","2,6","2,6",76540,rouen
Ensemble des résidences principales,"4,0","3,9","3,8",76575,saint-etienne-du-rouvray
Maison,"4,5","4,5","4,5",76575,saint-etienne-du-rouvray
Appartement,"3,2","3,1","3,0",76575,saint-etienne-du-rouvray
Ensemble des résidences principales,"3,7","3,8","3,8",76681,sotteville-les-rouen
Maison,"4,3","4,4","4,5",76681,sotteville-les-rouen
Appartement,"3,1","3,1","3,1",76681,sotteville-les-rouen
Ensemble des résidences principales,"3,7","3,6","3,4",77058,bussy-saint-georges
Maison,"5,5","5,5","5,5",77058,bussy-saint-georges
Appartement,"2,7","2,7","2,6",77058,bussy-saint-georges
Ensemble des résidences principales,"3,6","3,5","3,4",77083,champs-sur-marne
Maison,"4,7","4,8","4,7",77083,champs-sur-marne
Appartement,"3,1","3,0","3,0",77083,champs-sur-marne
Ensemble des résidences principales,"3,7","3,7","3,6",77108,chelles
Maison,"4,7","4,6","4,7",77108,chelles
Appartement,"3,0","2,9","2,9",77108,chelles
Ensemble des résidences principales,"4,0","4,0","3,9",77122,combs-la-ville
Maison,"4,9","4,9","4,9",77122,combs-la-ville
Appartement,"2,9","2,8","2,8",77122,combs-la-ville
Ensemble des résidences principales,"3,6","3,6","3,5",77152,dammarie-les-lys
Maison,"4,8","4,7","4,6",77152,dammarie-les-lys
Appartement,"2,9","3,0","2,9",77152,dammarie-les-lys
Ensemble des résidences principales,"3,6","3,6","3,6",77243,lagny-sur-marne
Maison,"4,8","4,9","5,0",77243,lagny-sur-marne
Appartement,"2,8","2,9","2,8",77243,lagny-sur-marne
Ensemble des résidences principales,"3,4","3,4","3,3",77284,meaux
Maison,"4,8","4,9","4,9",77284,meaux
Appartement,"3,0","3,0","2,9",77284,meaux
Ensemble des résidences principales,"3,8","3,7","3,8",77285,le-mee-sur-seine
Maison,"5,0","4,9","5,0",77285,le-mee-sur-seine
Appartement,"3,3","3,2","3,4",77285,le-mee-sur-seine
Ensemble des résidences principales,"3,1","3,1","3,1",77288,melun
Maison,"4,9","4,8","4,8",77288,melun
Appartement,"2,8","2,9","2,9",77288,melun
Ensemble des résidences principales,"3,9","3,9","4,0",77294,mitry-mory
Maison,"4,4","4,5","4,6",77294,mitry-mory
Appartement,"2,8","2,9","2,8",77294,mitry-mory
Ensemble des résidences principales,"3,3","3,4","3,4",77305,montereau-fault-yonne
Maison,"4,5","4,5","4,5",77305,montereau-fault-yonne
Appartement,"3,0","3,0","3,0",77305,montereau-fault-yonne
Ensemble des résidences principales,"4,4","4,3","4,2",77350,ozoir-la-ferriere
Maison,"5,1","5,1","5,1",77350,ozoir-la-ferriere
Appartement,"2,9","2,7","2,7",77350,ozoir-la-ferriere
Ensemble des résidences principales,"3,9","3,8","3,8",77373,pontault-combault
Maison,"4,8","4,8","4,8",77373,pontault-combault
Appartement,"2,6","2,7","2,7",77373,pontault-combault
Ensemble des résidences principales,"4,0","4,0","4,0",77390,roissy-en-brie
Maison,"4,8","4,8","4,9",77390,roissy-en-brie
Appartement,"3,0","3,0","3,0",77390,roissy-en-brie
Ensemble des résidences principales,"4,1","4,0","3,9",77445,savigny-le-temple
Maison,"4,9","4,9","4,9",77445,savigny-le-temple
Appartement,"3,1","3,0","3,0",77445,savigny-le-temple
Ensemble des résidences principales,"3,5","3,4","3,3",77468,torcy
Maison,"4,8","4,8","4,9",77468,torcy
Appartement,"3,1","3,1","3,0",77468,torcy
Ensemble des résidences principales,"3,6","3,5","3,5",77514,villeparisis
Maison,"4,6","4,5","4,6",77514,villeparisis
Appartement,"2,7","2,6","2,7",77514,villeparisis
Ensemble des résidences principales,"3,7","3,6","3,5",78005,acheres
Maison,"4,7","4,7","4,7",78005,acheres
Appartement,"3,1","3,1","3,0",78005,acheres
Ensemble des résidences principales,"4,1","4,1","4,1",78126,la-celle-saint-cloud
Maison,"5,8","5,9","6,0",78126,la-celle-saint-cloud
Appartement,"3,5","3,5","3,4",78126,la-celle-saint-cloud
Ensemble des résidences principales,"3,7","3,8","3,7",78146,chatou
Maison,"5,2","5,4","5,5",78146,chatou
Appartement,"3,1","3,1","3,0",78146,chatou
Ensemble des résidences principales,"3,5","3,5","3,5",78158,le-chesnay-rocquencourt
Maison,"5,8","5,8","5,9",78158,le-chesnay-rocquencourt
Appartement,"3,1","3,1","3,1",78158,le-chesnay-rocquencourt
Ensemble des résidences principales,"3,9","3,8","3,8",78172,conflans-sainte-honorine
Maison,"4,6","4,6","4,7",78172,conflans-sainte-honorine
Appartement,"3,0","3,0","2,9",78172,conflans-sainte-honorine
Ensemble des résidences principales,"3,7","3,7","3,7",78208,elancourt
Maison,"5,1","5,0","5,0",78208,elancourt
Appartement,"3,1","3,0","3,0",78208,elancourt
Ensemble des résidences principales,"3,6","3,6","3,5",78297,guyancourt
Maison,"5,0","5,0","5,1",78297,guyancourt
Appartement,"3,1","3,1","3,0",78297,guyancourt
Ensemble des résidences principales,"3,7","3,7","3,7",78311,houilles
Maison,"4,5","4,7","4,8",78311,houilles
Appartement,"2,9","2,9","2,8",78311,houilles
Ensemble des résidences principales,"3,8","3,7","3,7",78358,maisons-laffitte
Maison,"5,5","5,5","5,8",78358,maisons-laffitte
Appartement,"3,1","3,0","3,0",78358,maisons-laffitte
Ensemble des résidences principales,"3,3","3,3","3,2",78361,mantes-la-jolie
Maison,"4,6","4,6","4,6",78361,mantes-la-jolie
Appartement,"3,0","3,0","3,0",78361,mantes-la-jolie
Ensemble des résidences principales,"3,9","3,8","3,8",78362,mantes-la-ville
Maison,"4,7","4,6","4,8",78362,mantes-la-ville
Appartement,"3,2","3,2","3,1",78362,mantes-la-ville
Ensemble des résidences principales,"3,7","3,8","3,6",78423,montigny-le-bretonneux
Maison,"5,2","5,3","5,3",78423,montigny-le-bretonneux
Appartement,"3,0","3,1","2,9",78423,montigny-le-bretonneux
Ensemble des résidences principales,"3,7","3,7","3,6",78440,les-mureaux
Maison,"4,6","4,6","4,6",78440,les-mureaux
Appartement,"3,3","3,2","3,2",78440,les-mureaux
Ensemble des résidences principales,"3,8","3,8","3,8",78490,plaisir
Maison,"5,1","5,3","5,2",78490,plaisir
Appartement,"3,0","2,9","3,0",78490,plaisir
Ensemble des résidences principales,"3,4","3,4","3,3",78498,poissy
Maison,"5,0","5,0","5,1",78498,poissy
Appartement,"3,0","3,0","3,0",78498,poissy
Ensemble des résidences principales,"3,7","3,7","3,6",78517,rambouillet
Maison,"5,3","5,3","5,3",78517,rambouillet
Appartement,"2,8","2,8","2,7",78517,rambouillet
Ensemble des résidences principales,"3,5","3,4","3,4",78545,saint-cyr-l-ecole
Maison,"5,0","5,0","5,2",78545,saint-cyr-l-ecole
Appartement,"3,2","2,9","3,0",78545,saint-cyr-l-ecole
Ensemble des résidences principales,"3,7","3,7","3,6",78551,saint-germain-en-laye
Maison,"5,9","5,9","6,0",78551,saint-germain-en-laye
Appartement,"3,1","3,1","3,1",78551,saint-germain-en-laye
Ensemble des résidences principales,"3,6","3,6","3,6",78586,sartrouville
Maison,"4,5","4,5","4,6",78586,sartrouville
Appartement,"3,0","3,1","3,0",78586,sartrouville
Ensemble des résidences principales,"3,5","3,4","3,3",78621,trappes
Maison,"4,5","4,4","4,5",78621,trappes
Appartement,"3,3","3,2","3,1",78621,trappes
Ensemble des résidences principales,"3,6","3,4","3,3",78640,velizy-villacoublay
Maison,"4,8","5,2","5,0",78640,velizy-villacoublay
Appartement,"3,4","3,1","3,1",78640,velizy-villacoublay
Ensemble des résidences principales,"3,6","3,5","3,5",78646,versailles
Maison,"6,0","5,8","6,1",78646,versailles
Appartement,"3,3","3,3","3,2",78646,versailles
Ensemble des résidences principales,"3,8","3,9","3,9",79191,niort
Maison,"4,6","4,7","4,7",79191,niort
Appartement,"2,6","2,6","2,6",79191,niort
Ensemble des résidences principales,"4,0","3,9","3,8",80001,abbeville
Maison,"4,6","4,6","4,6",80001,abbeville
Appartement,"3,1","3,0","3,0",80001,abbeville
Ensemble des résidences principales,"3,5","3,4","3,3",80021,amiens
Maison,"4,6","4,6","4,6",80021,amiens
Appartement,"2,7","2,7","2,6",80021,amiens
Ensemble des résidences principales,"3,7","3,7","3,7",81004,albi
Maison,"4,8","4,8","4,8",81004,albi
Appartement,"2,5","2,5","2,5",81004,albi
Ensemble des résidences principales,"4,2","4,2","4,1",81065,castres
Maison,"4,9","5,0","4,9",81065,castres
Appartement,"2,9","2,8","2,8",81065,castres
Ensemble des résidences principales,"4,0","3,9","4,0",82121,montauban
Maison,"4,8","4,7","4,8",82121,montauban
Appartement,"2,9","2,8","2,8",82121,montauban
Ensemble des résidences principales,"3,6","3,6","3,6",83050,draguignan
Maison,"4,5","4,5","4,5",83050,draguignan
Appartement,"3,0","3,0","3,0",83050,draguignan
Ensemble des résidences principales,"3,3","3,3","3,2",83061,frejus
Maison,"4,3","4,3","4,4",83061,frejus
Appartement,"2,7","2,8","2,8",83061,frejus
Ensemble des résidences principales,"3,5","3,5","3,5",83062,la-garde
Maison,"4,5","4,6","4,6",83062,la-garde
Appartement,"3,0","2,9","3,0",83062,la-garde
Ensemble des résidences principales,"3,4","3,3","3,3",83069,hyeres
Maison,"4,4","4,3","4,4",83069,hyeres
Appartement,"2,9","2,9","2,9",83069,hyeres
Ensemble des résidences principales,"3,5","3,4","3,5",83118,saint-raphael
Maison,"4,5","4,3","4,7",83118,saint-raphael
Appartement,"2,9","2,7","2,8",83118,saint-raphael
Ensemble des résidences principales,"3,5","3,4","3,4",83126,la-seyne-sur-mer
Maison,"4,2","4,3","4,3",83126,la-seyne-sur-mer
Appartement,"3,1","3,0","3,0",83126,la-seyne-sur-mer
Ensemble des résidences principales,"3,6","3,6","3,6",83129,six-fours-les-plages
Maison,"4,3","4,4","4,5",83129,six-fours-les-plages
Appartement,"2,8","2,7","2,7",83129,six-fours-les-plages
Ensemble des résidences principales,"3,3","3,3","3,3",83137,toulon
Maison,"4,4","4,3","4,4",83137,toulon
Appartement,"3,0","3,0","3,0",83137,toulon
Ensemble des résidences principales,"3,6","3,6","3,5",83144,la-valette-du-var
Maison,"4,3","4,5","4,6",83144,la-valette-du-var
Appartement,"3,2","3,1","3,1",83144,la-valette-du-var
Ensemble des résidences principales,"3,4","3,4","3,4",84007,avignon
Maison,"4,5","4,5","4,5",84007,avignon
Appartement,"3,0","3,0","2,9",84007,avignon
Ensemble des résidences principales,"3,8","3,8","3,8",84031,carpentras
Maison,"4,5","4,5","4,6",84031,carpentras
Appartement,"3,0","2,9","3,0",84031,carpentras
Ensemble des résidences principales,"3,8","3,6","3,7",84035,cavaillon
Maison,"4,5","4,4","4,5",84035,cavaillon
Appartement,"3,1","3,0","3,1",84035,cavaillon
Ensemble des résidences principales,"3,9","3,9","3,9",84087,orange
Maison,"4,6","4,7","4,7",84087,orange
Appartement,"3,1","3,2","3,2",84087,orange
Ensemble des résidences principales,"3,8","3,8","3,8",84089,pertuis
Maison,"4,5","4,6","4,6",84089,pertuis
Appartement,"2,8","2,7","2,7",84089,pertuis
Ensemble des résidences principales,"4,1","4,2","4,1",85047,challans
Maison,"4,5","4,5","4,5",85047,challans
Appartement,"2,6","2,8","2,6",85047,challans
Ensemble des résidences principales,"4,6","4,5","4,5",85146,montaigu-vendee
Maison,"4,9","4,8","4,8",85146,montaigu-vendee
Appartement,"2,6","2,5","2,5",85146,montaigu-vendee
Ensemble des résidences principales,"3,8","3,8","3,7",85191,la-roche-sur-yon
Maison,"4,8","4,7","4,8",85191,la-roche-sur-yon
Appartement,"2,7","2,7","2,6",85191,la-roche-sur-yon
Ensemble des résidences principales,"3,9","3,9","3,9",85194,les-sables-d-olonne
Maison,"4,3","4,4","4,4",85194,les-sables-d-olonne
Appartement,"2,7","2,6","2,6",85194,les-sables-d-olonne
Ensemble des résidences principales,"3,9","4,0","4,0",86066,chatellerault
Maison,"4,5","4,6","4,6",86066,chatellerault
Appartement,"2,9","2,9","2,9",86066,chatellerault
Ensemble des résidences principales,"3,1","3,1","3,1",86194,poitiers
Maison,"4,8","4,7","4,7",86194,poitiers
Appartement,"2,4","2,4","2,4",86194,poitiers
Ensemble des résidences principales,"3,3","3,3","3,3",87085,limoges
Maison,"4,7","4,7","4,8",87085,limoges
Appartement,"2,8","2,8","2,8",87085,limoges
Ensemble des résidences principales,"3,6","3,7","3,7",88160,epinal
Maison,"4,9","5,0","5,0",88160,epinal
Appartement,"3,0","3,0","3,1",88160,epinal
Ensemble des résidences principales,"3,5","3,5","3,5",89024,auxerre
Maison,"4,6","4,6","4,6",89024,auxerre
Appartement,"2,9","2,9","2,9",89024,auxerre
Ensemble des résidences principales,"3,5","3,4","3,5",89387,sens
Maison,"4,5","4,6","4,6",89387,sens
Appartement,"2,8","2,9","2,9",89387,sens
Ensemble des résidences principales,"3,4","3,4","3,4",90010,belfort
Maison,"4,9","4,9","5,0",90010,belfort
Appartement,"3,1","3,2","3,2",90010,belfort
Ensemble des résidences principales,"3,6","3,5","3,4",91027,athis-mons
Maison,"4,5","4,4","4,4",91027,athis-mons
Appartement,"3,1","3,0","3,0",91027,athis-mons
Ensemble des résidences principales,"3,7","3,7","3,6",91103,bretigny-sur-orge
Maison,"4,7","4,9","5,0",91103,bretigny-sur-orge
Appartement,"3,0","2,9","2,9",91103,bretigny-sur-orge
Ensemble des résidences principales,"4,0","4,0","4,0",91114,brunoy
Maison,"4,9","4,9","4,9",91114,brunoy
Appartement,"3,2","3,2","3,1",91114,brunoy
Ensemble des résidences principales,"3,2","3,2","3,1",91174,corbeil-essonnes
Maison,"4,5","4,6","4,6",91174,corbeil-essonnes
Appartement,"2,7","2,8","2,7",91174,corbeil-essonnes
Ensemble des résidences principales,"4,0","4,0","4,0",91201,draveil
Maison,"4,7","4,9","4,8",91201,draveil
Appartement,"3,2","3,2","3,2",91201,draveil
Ensemble des résidences principales,"3,4","3,4","3,4",91223,etampes
Maison,"4,6","4,5","4,6",91223,etampes
Appartement,"2,8","2,8","2,7",91223,etampes
Ensemble des résidences principales,"3,4","3,3","3,2",91228,evry-courcouronnes
Maison,"4,9","4,9","4,9",91228,evry-courcouronnes
Appartement,"3,1","3,1","3,0",91228,evry-courcouronnes
Ensemble des résidences principales,"4,6","4,5","4,1",91272,gif-sur-yvette
Maison,"5,8","5,8","5,9",91272,gif-sur-yvette
Appartement,"3,0","2,9","2,7",91272,gif-sur-yvette
Ensemble des résidences principales,"3,6","3,5","3,4",91286,grigny
Maison,"4,8","4,7","4,5",91286,grigny
Appartement,"3,4","3,4","3,3",91286,grigny
Ensemble des résidences principales,"3,5","3,6","3,6",91345,longjumeau
Maison,"4,8","4,9","5,0",91345,longjumeau
Appartement,"3,0","3,1","3,0",91345,longjumeau
Ensemble des résidences principales,"3,4","3,3","3,2",91377,massy
Maison,"4,8","4,7","5,0",91377,massy
Appartement,"3,2","3,2","3,1",91377,massy
Ensemble des résidences principales,"4,0","3,9","4,0",91421,montgeron
Maison,"4,8","4,7","4,9",91421,montgeron
Appartement,"3,0","3,0","3,0",91421,montgeron
Ensemble des résidences principales,"4,0","4,0","4,0",91434,morsang-sur-orge
Maison,"4,6","4,7","4,7",91434,morsang-sur-orge
Appartement,"3,2","3,2","3,2",91434,morsang-sur-orge
Ensemble des résidences principales,"3,8","3,7","3,5",91477,palaiseau
Maison,"5,0","5,1","5,0",91477,palaiseau
Appartement,"3,1","3,0","2,8",91477,palaiseau
Ensemble des résidences principales,"3,8","3,7","3,6",91521,ris-orangis
Maison,"4,8","4,8","4,8",91521,ris-orangis
Appartement,"3,3","3,2","3,2",91521,ris-orangis
Ensemble des résidences principales,"3,9","3,9","3,9",91549,sainte-genevieve-des-bois
Maison,"4,7","4,7","4,8",91549,sainte-genevieve-des-bois
Appartement,"3,1","3,1","3,1",91549,sainte-genevieve-des-bois
Ensemble des résidences principales,"3,7","3,7","3,8",91570,saint-michel-sur-orge
Maison,"4,9","4,9","4,9",91570,saint-michel-sur-orge
Appartement,"3,2","3,2","3,2",91570,saint-michel-sur-orge
Ensemble des résidences principales,"3,8","3,8","3,8",91589,savigny-sur-orge
Maison,"4,6","4,7","4,8",91589,savigny-sur-orge
Appartement,"2,8","2,7","2,7",91589,savigny-sur-orge
Ensemble des résidences principales,"3,7","3,6","3,6",91657,vigneux-sur-seine
Maison,"4,4","4,4","4,4",91657,vigneux-sur-seine
Appartement,"3,2","3,0","3,0",91657,vigneux-sur-seine
Ensemble des résidences principales,"3,6","3,6","3,6",91687,viry-chatillon
Maison,"4,5","4,5","4,6",91687,viry-chatillon
Appartement,"3,1","3,1","3,1",91687,viry-chatillon
Ensemble des résidences principales,"3,9","4,0","4,0",91691,yerres
Maison,"4,8","4,9","4,9",91691,yerres
Appartement,"3,1","3,1","3,2",91691,yerres
Ensemble des résidences principales,"3,5","3,5","3,4",91692,les-ulis
Maison,"4,9","4,9","4,9",91692,les-ulis
Appartement,"3,4","3,4","3,4",91692,les-ulis
Ensemble des résidences principales,"3,7","3,7","3,7",92002,antony
Maison,"5,0","5,1","5,3",92002,antony
Appartement,"3,1","3,0","3,0",92002,antony
Ensemble des résidences principales,"3,0","2,9","3,0",92004,asnieres-sur-seine
Maison,"5,3","5,2","5,4",92004,asnieres-sur-seine
Appartement,"2,8","2,7","2,8",92004,asnieres-sur-seine
Ensemble des résidences principales,"3,2","3,2","3,1",92007,bagneux
Maison,"4,4","4,4","4,4",92007,bagneux
Appartement,"3,1","3,0","3,0",92007,bagneux
Ensemble des résidences principales,"3,2","3,2","3,2",92009,bois-colombes
Maison,"5,1","5,2","5,4",92009,bois-colombes
Appartement,"2,7","2,7","2,6",92009,bois-colombes
Ensemble des résidences principales,"2,8","2,8","2,8",92012,boulogne-billancourt
Maison,"5,4","5,5","5,6",92012,boulogne-billancourt
Appartement,"2,7","2,7","2,8",92012,boulogne-billancourt
Ensemble des résidences principales,"3,4","3,5","3,5",92014,bourg-la-reine
Maison,"5,3","5,5","5,7",92014,bourg-la-reine
Appartement,"2,9","3,0","3,0",92014,bourg-la-reine
Ensemble des résidences principales,"3,3","3,3","3,3",92019,chatenay-malabry
Maison,"5,4","5,1","5,2",92019,chatenay-malabry
Appartement,"3,1","3,0","3,0",92019,chatenay-malabry
Ensemble des résidences principales,"3,1","3,1","3,1",92020,chatillon
Maison,"4,5","4,8","4,8",92020,chatillon
Appartement,"2,9","2,8","2,8",92020,chatillon
Ensemble des résidences principales,"3,5","3,5","3,4",92023,clamart
Maison,"4,7","4,8","4,9",92023,clamart
Appartement,"2,9","2,9","2,8",92023,clamart
Ensemble des résidences principales,"2,4","2,6","2,6",92024,clichy
Maison,"4,1","4,0","3,9",92024,clichy
Appartement,"2,5","2,6","2,6",92024,clichy
Ensemble des résidences principales,"3,3","3,3","3,3",92025,colombes
Maison,"4,5","4,7","4,8",92025,colombes
Appartement,"2,9","2,8","2,8",92025,colombes
Ensemble des résidences principales,"2,8","2,8","2,8",92026,courbevoie
Maison,"5,1","5,1","5,2",92026,courbevoie
Appartement,"2,8","2,8","2,7",92026,courbevoie
Ensemble des résidences principales,"3,3","3,3","3,3",92032,fontenay-aux-roses
Maison,"5,4","5,5","5,3",92032,fontenay-aux-roses
Appartement,"3,0","3,0","3,0",92032,fontenay-aux-roses
Ensemble des résidences principales,"3,0","3,0","3,0",92035,la-garenne-colombes
Maison,"5,1","5,2","5,2",92035,la-garenne-colombes
Appartement,"2,7","2,7","2,7",92035,la-garenne-colombes
Ensemble des résidences principales,"3,0","2,9","3,0",92036,gennevilliers
Maison,"4,2","4,2","4,3",92036,gennevilliers
Appartement,"2,9","2,8","2,9",92036,gennevilliers
Ensemble des résidences principales,"2,9","2,9","2,9",92040,issy-les-moulineaux
Maison,"4,7","4,9","5,0",92040,issy-les-moulineaux
Appartement,"2,8","2,8","2,7",92040,issy-les-moulineaux
Ensemble des résidences principales,"2,7","2,7","2,7",92044,levallois-perret
Maison,"4,7","4,8","5,1",92044,levallois-perret
Appartement,"2,7","2,7","2,7",92044,levallois-perret
Ensemble des résidences principales,"2,9","2,9","2,9",92046,malakoff
Maison,"4,4","4,4","4,5",92046,malakoff
Appartement,"2,7","2,6","2,7",92046,malakoff
Ensemble des résidences principales,"3,5","3,5","3,4",92048,meudon
Maison,"5,3","5,4","5,5",92048,meudon
Appartement,"3,2","3,2","3,1",92048,meudon
Ensemble des résidences principales,"2,7","2,7","2,7",92049,montrouge
Maison,"4,7","4,8","5,1",92049,montrouge
Appartement,"2,6","2,6","2,7",92049,montrouge
Ensemble des résidences principales,"3,2","3,1","3,1",92050,nanterre
Maison,"4,6","4,5","4,7",92050,nanterre
Appartement,"3,0","2,9","2,9",92050,nanterre
Ensemble des résidences principales,"3,3","3,2","3,2",92051,neuilly-sur-seine
Maison,"6,2","6,2","6,4",92051,neuilly-sur-seine
Appartement,"3,3","3,2","3,2",92051,neuilly-sur-seine
Ensemble des résidences principales,"3,2","3,2","3,2",92060,le-plessis-robinson
Maison,"4,7","4,8","5,1",92060,le-plessis-robinson
Appartement,"3,0","3,1","3,1",92060,le-plessis-robinson
Ensemble des résidences principales,"2,8","2,8","2,8",92062,puteaux
Maison,"4,4","4,8","4,6",92062,puteaux
Appartement,"2,8","2,8","2,8",92062,puteaux
Ensemble des résidences principales,"3,5","3,5","3,5",92063,rueil-malmaison
Maison,"5,3","5,3","5,4",92063,rueil-malmaison
Appartement,"2,9","3,0","2,9",92063,rueil-malmaison
Ensemble des résidences principales,"3,6","3,4","3,5",92064,saint-cloud
Maison,"5,8","5,8","5,8",92064,saint-cloud
Appartement,"3,2","3,1","3,2",92064,saint-cloud
Ensemble des résidences principales,"3,6","3,6","3,6",92071,sceaux
Maison,"5,8","5,7","5,8",92071,sceaux
Appartement,"3,1","3,1","3,1",92071,sceaux
Ensemble des résidences principales,"3,6","3,5","3,5",92072,sevres
Maison,"5,4","5,5","5,7",92072,sevres
Appartement,"3,1","3,0","2,9",92072,sevres
Ensemble des résidences principales,"3,1","3,1","3,1",92073,suresnes
Maison,"5,0","5,2","5,3",92073,suresnes
Appartement,"2,8","2,8","2,8",92073,suresnes
Ensemble des résidences principales,"2,9","2,9","2,9",92075,vanves
Maison,"5,0","5,2","5,1",92075,vanves
Appartement,"2,7","2,7","2,8",92075,vanves
Ensemble des résidences principales,"3,3","3,3","3,3",92078,villeneuve-la-garenne
Maison,"4,5","4,4","4,4",92078,villeneuve-la-garenne
Appartement,"3,2","3,2","3,2",92078,villeneuve-la-garenne
Ensemble des résidences principales,"2,8","2,8","2,6",93001,aubervilliers
Maison,"3,9","3,8","3,8",93001,aubervilliers
Appartement,"2,7","2,7","2,6",93001,aubervilliers
Ensemble des résidences principales,"3,7","3,6","3,5",93005,aulnay-sous-bois
Maison,"4,4","4,4","4,4",93005,aulnay-sous-bois
Appartement,"3,2","3,1","3,1",93005,aulnay-sous-bois
Ensemble des résidences principales,"2,9","2,9","3,0",93006,bagnolet
Maison,"4,0","3,9","4,1",93006,bagnolet
Appartement,"2,8","2,8","2,8",93006,bagnolet
Ensemble des résidences principales,"3,5","3,4","3,4",93007,le-blanc-mesnil
Maison,"4,2","4,2","4,3",93007,le-blanc-mesnil
Appartement,"3,0","2,9","3,0",93007,le-blanc-mesnil
Ensemble des résidences principales,"3,3","3,2","3,1",93008,bobigny
Maison,"4,0","4,0","4,1",93008,bobigny
Appartement,"3,1","3,0","3,0",93008,bobigny
Ensemble des résidences principales,"3,4","3,3","3,2",93010,bondy
Maison,"4,3","4,2","4,3",93010,bondy
Appartement,"3,0","2,9","2,9",93010,bondy
Ensemble des résidences principales,"3,5","3,5","3,5",93014,clichy-sous-bois
Maison,"4,3","4,4","4,4",93014,clichy-sous-bois
Appartement,"3,4","3,2","3,3",93014,clichy-sous-bois
Ensemble des résidences principales,"3,0","2,9","3,0",93027,la-courneuve
Maison,"4,0","3,8","4,0",93027,la-courneuve
Appartement,"2,9","2,8","2,9",93027,la-courneuve
Ensemble des résidences principales,"3,4","3,3","3,3",93029,drancy
Maison,"4,1","4,1","4,1",93029,drancy
Appartement,"2,8","2,7","2,8",93029,drancy
Ensemble des résidences principales,"3,2","3,2","3,2",93031,epinay-sur-seine
Maison,"4,1","4,1","4,4",93031,epinay-sur-seine
Appartement,"3,0","3,0","3,0",93031,epinay-sur-seine
Ensemble des résidences principales,"3,7","3,7","3,7",93032,gagny
Maison,"4,5","4,5","4,6",93032,gagny
Appartement,"3,0","2,9","2,9",93032,gagny
Ensemble des résidences principales,"2,8","2,9","2,9",93045,les-lilas
Maison,"4,3","4,4","4,3",93045,les-lilas
Appartement,"2,7","2,8","2,8",93045,les-lilas
Ensemble des résidences principales,"3,4","3,4","3,4",93046,livry-gargan
Maison,"4,3","4,4","4,4",93046,livry-gargan
Appartement,"2,7","2,7","2,7",93046,livry-gargan
Ensemble des résidences principales,"4,0","3,9","3,8",93047,montfermeil
Maison,"4,5","4,5","4,5",93047,montfermeil
Appartement,"3,1","2,9","2,9",93047,montfermeil
Ensemble des résidences principales,"3,0","2,9","2,9",93048,montreuil
Maison,"4,2","4,2","4,3",93048,montreuil
Appartement,"2,7","2,7","2,7",93048,montreuil
Ensemble des résidences principales,"3,5","3,5","3,4",93049,neuilly-plaisance
Maison,"4,6","4,7","4,7",93049,neuilly-plaisance
Appartement,"2,7","2,7","2,5",93049,neuilly-plaisance
Ensemble des résidences principales,"3,4","3,2","3,2",93050,neuilly-sur-marne
Maison,"4,4","4,3","4,4",93050,neuilly-sur-marne
Appartement,"3,1","3,0","3,0",93050,neuilly-sur-marne
Ensemble des résidences principales,"3,4","3,4","3,3",93051,noisy-le-grand
Maison,"4,6","4,6","4,7",93051,noisy-le-grand
Appartement,"2,9","2,9","2,9",93051,noisy-le-grand
Ensemble des résidences principales,"3,2","3,1","3,2",93053,noisy-le-sec
Maison,"4,3","4,3","4,5",93053,noisy-le-sec
Appartement,"2,8","2,8","2,9",93053,noisy-le-sec
Ensemble des résidences principales,"2,7","2,7","2,7",93055,pantin
Maison,"4,1","4,1","4,5",93055,pantin
Appartement,"2,7","2,7","2,7",93055,pantin
Ensemble des résidences principales,"3,3","3,3","3,2",93057,les-pavillons-sous-bois
Maison,"4,3","4,3","4,4",93057,les-pavillons-sous-bois
Appartement,"2,6","2,6","2,5",93057,les-pavillons-sous-bois
Ensemble des résidences principales,"3,4","3,3","3,3",93059,pierrefitte-sur-seine
Maison,"4,3","4,1","4,0",93059,pierrefitte-sur-seine
Appartement,"3,0","2,9","2,9",93059,pierrefitte-sur-seine
Ensemble des résidences principales,"3,2","3,2","3,1",93063,romainville
Maison,"4,2","4,1","4,3",93063,romainville
Appartement,"2,9","2,9","2,8",93063,romainville
Ensemble des résidences principales,"3,3","3,3","3,1",93064,rosny-sous-bois
Maison,"4,5","4,6","4,5",93064,rosny-sous-bois
Appartement,"3,0","3,0","2,9",93064,rosny-sous-bois
Ensemble des résidences principales,"2,8","2,8","2,8",93066,saint-denis
Maison,"4,0","4,0","4,2",93066,saint-denis
Appartement,"2,8","2,7","2,7",93066,saint-denis
Ensemble des résidences principales,"2,6","2,6","2,7",93070,saint-ouen-sur-seine
Maison,"4,0","4,2","4,2",93070,saint-ouen-sur-seine
Appartement,"2,5","2,6","2,7",93070,saint-ouen-sur-seine
Ensemble des résidences principales,"3,6","3,5","3,4",93071,sevran
Maison,"4,4","4,3","4,3",93071,sevran
Appartement,"3,1","3,1","3,1",93071,sevran
Ensemble des résidences principales,"3,2","3,2","3,1",93072,stains
Maison,"4,0","3,9","3,8",93072,stains
Appartement,"3,0","3,0","2,9",93072,stains
Ensemble des résidences principales,"3,8","3,9","3,8",93073,tremblay-en-france
Maison,"4,5","4,6","4,5",93073,tremblay-en-france
Appartement,"3,0","3,0","3,1",93073,tremblay-en-france
Ensemble des résidences principales,"3,5","3,5","3,5",93077,villemomble
Maison,"4,7","4,6","4,8",93077,villemomble
Appartement,"2,7","2,7","2,7",93077,villemomble
Ensemble des résidences principales,"3,9","3,8","3,6",93078,villepinte
Maison,"4,6","4,6","4,5",93078,villepinte
Appartement,"3,1","3,0","3,0",93078,villepinte
Ensemble des résidences principales,"2,8","2,8","2,8",94002,alfortville
Maison,"4,2","4,4","4,5",94002,alfortville
Appartement,"2,7","2,7","2,7",94002,alfortville
Ensemble des résidences principales,"3,0","3,0","2,9",94003,arcueil
Maison,"4,1","4,2","4,2",94003,arcueil
Appartement,"2,8","2,7","2,7",94003,arcueil
Ensemble des résidences principales,"3,3","3,1","3,1",94016,cachan
Maison,"4,6","4,7","4,8",94016,cachan
Appartement,"3,0","2,9","2,8",94016,cachan
Ensemble des résidences principales,"3,5","3,5","3,4",94017,champigny-sur-marne
Maison,"4,5","4,5","4,6",94017,champigny-sur-marne
Appartement,"3,1","3,1","3,0",94017,champigny-sur-marne
Ensemble des résidences principales,"2,9","2,9","2,9",94018,charenton-le-pont
Maison,"4,9","5,1","5,3",94018,charenton-le-pont
Appartement,"2,8","2,8","2,8",94018,charenton-le-pont
Ensemble des résidences principales,"3,3","3,2","3,3",94021,chevilly-larue
Maison,"4,7","4,5","4,8",94021,chevilly-larue
Appartement,"3,1","3,0","3,0",94021,chevilly-larue
Ensemble des résidences principales,"3,1","3,1","3,1",94022,choisy-le-roi
Maison,"4,5","4,4","4,5",94022,choisy-le-roi
Appartement,"2,8","2,9","2,8",94022,choisy-le-roi
Ensemble des résidences principales,"3,2","3,1","3,1",94028,creteil
Maison,"4,6","4,7","4,7",94028,creteil
Appartement,"3,1","3,0","3,0",94028,creteil
Ensemble des résidences principales,"3,3","3,3","3,4",94033,fontenay-sous-bois
Maison,"4,6","4,6","4,8",94033,fontenay-sous-bois
Appartement,"2,9","3,0","2,9",94033,fontenay-sous-bois
Ensemble des résidences principales,"3,5","3,4","3,3",94034,fresnes
Maison,"4,7","4,7","4,9",94034,fresnes
Appartement,"3,3","3,2","3,1",94034,fresnes
Ensemble des résidences principales,"3,6","3,5","3,5",94038,l-hay-les-roses
Maison,"4,8","4,8","4,8",94038,l-hay-les-roses
Appartement,"3,2","3,1","3,1",94038,l-hay-les-roses
Ensemble des résidences principales,"2,8","2,8","2,7",94041,ivry-sur-seine
Maison,"4,1","4,1","4,1",94041,ivry-sur-seine
Appartement,"2,7","2,7","2,7",94041,ivry-sur-seine
Ensemble des résidences principales,"3,1","3,2","3,2",94042,joinville-le-pont
Maison,"4,5","4,5","4,8",94042,joinville-le-pont
Appartement,"2,8","2,7","2,7",94042,joinville-le-pont
Ensemble des résidences principales,"2,8","2,8","2,8",94043,le-kremlin-bicetre
Maison,"4,1","4,2","4,0",94043,le-kremlin-bicetre
Appartement,"2,8","2,7","2,7",94043,le-kremlin-bicetre
Ensemble des résidences principales,"3,6","3,5","3,4",94044,limeil-brevannes
Maison,"4,8","4,8","4,8",94044,limeil-brevannes
Appartement,"3,0","2,9","2,9",94044,limeil-brevannes
Ensemble des résidences principales,"3,1","3,1","3,1",94046,maisons-alfort
Maison,"4,4","4,5","4,5",94046,maisons-alfort
Appartement,"2,9","2,9","2,9",94046,maisons-alfort
Ensemble des résidences principales,"3,1","3,1","3,1",94052,nogent-sur-marne
Maison,"5,1","5,2","5,2",94052,nogent-sur-marne
Appartement,"2,8","2,8","2,8",94052,nogent-sur-marne
Ensemble des résidences principales,"3,4","3,3","3,2",94054,orly
Maison,"4,3","4,3","4,3",94054,orly
Appartement,"3,1","3,1","3,0",94054,orly
Ensemble des résidences principales,"3,4","3,4","3,4",94058,le-perreux-sur-marne
Maison,"4,8","4,8","4,9",94058,le-perreux-sur-marne
Appartement,"2,7","2,7","2,7",94058,le-perreux-sur-marne
Ensemble des résidences principales,"3,7","3,7","3,7",94059,le-plessis-trevise
Maison,"5,2","5,2","5,2",94059,le-plessis-trevise
Appartement,"2,9","2,9","3,0",94059,le-plessis-trevise
Ensemble des résidences principales,"3,1","3,0","3,0",94067,saint-mande
Maison,"5,7","5,8","5,9",94067,saint-mande
Appartement,"3,0","2,9","2,9",94067,saint-mande
Ensemble des résidences principales,"3,5","3,5","3,5",94068,saint-maur-des-fosses
Maison,"5,0","5,0","5,1",94068,saint-maur-des-fosses
Appartement,"2,6","2,6","2,6",94068,saint-maur-des-fosses
Ensemble des résidences principales,"4,1","4,1","4,1",94071,sucy-en-brie
Maison,"5,0","5,1","5,0",94071,sucy-en-brie
Appartement,"3,2","3,1","3,1",94071,sucy-en-brie
Ensemble des résidences principales,"3,5","3,4","3,3",94073,thiais
Maison,"4,9","5,0","5,0",94073,thiais
Appartement,"3,0","3,0","3,0",94073,thiais
Ensemble des résidences principales,"3,1","3,1","3,0",94076,villejuif
Maison,"4,1","4,2","4,3",94076,villejuif
Appartement,"2,8","2,9","2,8",94076,villejuif
Ensemble des résidences principales,"3,6","3,6","3,7",94077,villeneuve-le-roi
Maison,"4,4","4,4","4,3",94077,villeneuve-le-roi
Appartement,"2,8","2,9","3,0",94077,villeneuve-le-roi
Ensemble des résidences principales,"3,3","3,2","3,2",94078,villeneuve-saint-georges
Maison,"4,3","4,4","4,5",94078,villeneuve-saint-georges
Appartement,"2,9","2,8","2,8",94078,villeneuve-saint-georges
Ensemble des résidences principales,"3,7","3,5","3,4",94079,villiers-sur-marne
Maison,"4,7","4,7","4,8",94079,villiers-sur-marne
Appartement,"3,0","2,9","2,7",94079,villiers-sur-marne
Ensemble des résidences principales,"2,8","2,7","2,7",94080,vincennes
Maison,"5,1","5,0","5,0",94080,vincennes
Appartement,"2,7","2,6","2,6",94080,vincennes
Ensemble des résidences principales,"3,3","3,3","3,3",94081,vitry-sur-seine
Maison,"4,2","4,3","4,4",94081,vitry-sur-seine
Appartement,"3,0","3,1","3,0",94081,vitry-sur-seine
Ensemble des résidences principales,"3,4","3,3","3,3",95018,argenteuil
Maison,"4,2","4,2","4,4",95018,argenteuil
Appartement,"2,9","2,9","2,9",95018,argenteuil
Ensemble des résidences principales,"3,4","3,3","3,3",95063,bezons
Maison,"4,2","4,2","4,2",95063,bezons
Appartement,"3,0","2,9","2,9",95063,bezons
Ensemble des résidences principales,"3,2","3,2","3,1",95127,cergy
Maison,"4,9","4,9","4,9",95127,cergy
Appartement,"2,8","2,8","2,8",95127,cergy
Ensemble des résidences principales,"4,0","3,9","3,8",95176,cormeilles-en-parisis
Maison,"4,8","4,9","4,9",95176,cormeilles-en-parisis
Appartement,"2,8","2,6","2,6",95176,cormeilles-en-parisis
Ensemble des résidences principales,"3,6","3,7","3,6",95197,deuil-la-barre
Maison,"4,8","4,8","4,8",95197,deuil-la-barre
Appartement,"3,0","3,0","2,8",95197,deuil-la-barre
Ensemble des résidences principales,"3,9","3,9","3,8",95203,eaubonne
Maison,"4,8","4,8","4,9",95203,eaubonne
Appartement,"3,3","3,3","3,1",95203,eaubonne
Ensemble des résidences principales,"3,7","3,6","3,6",95219,ermont
Maison,"4,8","4,8","4,9",95219,ermont
Appartement,"3,3","3,1","3,1",95219,ermont
Ensemble des résidences principales,"3,5","3,5","3,5",95252,franconville
Maison,"4,7","4,8","4,8",95252,franconville
Appartement,"3,1","3,1","3,1",95252,franconville
Ensemble des résidences principales,"3,4","3,4","3,3",95268,garges-les-gonesse
Maison,"4,4","4,4","4,4",95268,garges-les-gonesse
Appartement,"3,2","3,1","3,1",95268,garges-les-gonesse
Ensemble des résidences principales,"3,7","3,6","3,5",95277,gonesse
Maison,"4,7","4,7","4,6",95277,gonesse
Appartement,"3,1","3,0","2,9",95277,gonesse
Ensemble des résidences principales,"3,9","3,8","3,8",95280,goussainville
Maison,"4,4","4,4","4,5",95280,goussainville
Appartement,"3,1","3,0","3,0",95280,goussainville
Ensemble des résidences principales,"4,1","4,1","4,0",95306,herblay-sur-seine
Maison,"4,8","4,8","4,9",95306,herblay-sur-seine
Appartement,"2,9","2,9","2,8",95306,herblay-sur-seine
Ensemble des résidences principales,"3,8","3,9","3,8",95424,montigny-les-cormeilles
Maison,"4,6","4,7","4,6",95424,montigny-les-cormeilles
Appartement,"3,3","3,2","3,2",95424,montigny-les-cormeilles
Ensemble des résidences principales,"3,9","3,9","3,8",95428,montmorency
Maison,"5,3","5,4","5,3",95428,montmorency
Appartement,"3,1","3,1","3,1",95428,montmorency
Ensemble des résidences principales,"3,5","3,4","3,3",95500,pontoise
Maison,"5,1","4,9","5,0",95500,pontoise
Appartement,"3,0","2,9","2,9",95500,pontoise
Ensemble des résidences principales,"3,4","3,5","3,4",95555,saint-gratien
Maison,"4,8","4,9","5,0",95555,saint-gratien
Appartement,"3,2","3,1","3,1",95555,saint-gratien
Ensemble des résidences principales,"3,7","3,6","3,4",95572,saint-ouen-l-aumone
Maison,"4,7","4,7","4,6",95572,saint-ouen-l-aumone
Appartement,"3,1","3,0","2,9",95572,saint-ouen-l-aumone
Ensemble des résidences principales,"3,6","3,6","3,5",95582,sannois
Maison,"4,6","4,7","4,7",95582,sannois
Appartement,"3,1","3,1","3,0",95582,sannois
Ensemble des résidences principales,"3,7","3,7","3,6",95585,sarcelles
Maison,"4,6","4,8","4,7",95585,sarcelles
Appartement,"3,5","3,5","3,4",95585,sarcelles
Ensemble des résidences principales,"3,9","3,9","3,9",95607,taverny
Maison,"4,7","4,7","4,8",95607,taverny
Appartement,"3,2","3,2","3,2",95607,taverny
Ensemble des résidences principales,"3,5","3,5","3,4",95680,villiers-le-bel
Maison,"4,7","4,5","4,7",95680,villiers-le-bel
Appartement,"3,3","3,2","3,2",95680,villiers-le-bel
Ensemble des résidences principales,"3,6","3,7","3,6",97101,les-abymes
Maison,"3,9","4,0","3,9",97101,les-abymes
Appartement,"3,3","3,3","3,2",97101,les-abymes
Ensemble des résidences principales,"3,8","3,9","3,8",97103,baie-mahault
Maison,"4,1","4,2","4,1",97103,baie-mahault
Appartement,"3,2","3,2","3,2",97103,baie-mahault
Ensemble des résidences principales,"3,6","3,8","3,7",97113,le-gosier
Maison,"3,9","4,1","4,0",97113,le-gosier
Appartement,"2,8","2,9","2,8",97113,le-gosier
Ensemble des résidences principales,"3,8","3,8","3,7",97117,le-moule
Maison,"3,9","4,0","3,9",97117,le-moule
Appartement,"3,2","3,1","3,0",97117,le-moule
Ensemble des résidences principales,"3,9","3,9","3,9",97118,petit-bourg
Maison,"4,1","4,1","4,1",97118,petit-bourg
Appartement,"3,2","3,2","3,2",97118,petit-bourg
Ensemble des résidences principales,"3,8","3,8","3,8",97128,sainte-anne
Maison,"4,0","3,9","3,9",97128,sainte-anne
Appartement,"3,0","3,1","2,9",97128,sainte-anne
Ensemble des résidences principales,"3,4","3,5","3,5",97209,fort-de-france
Maison,"3,8","3,9","4,0",97209,fort-de-france
Appartement,"3,1","3,1","3,1",97209,fort-de-france
Ensemble des résidences principales,"3,6","3,5","3,5",97213,le-lamentin
Maison,"3,9","3,8","3,9",97213,le-lamentin
Appartement,"3,1","3,1","3,1",97213,le-lamentin
Ensemble des résidences principales,"3,6","3,6","3,6",97222,le-robert
Maison,"3,9","3,8","3,9",97222,le-robert
Appartement,"3,2","3,3","3,2",97222,le-robert
Ensemble des résidences principales,"3,3","3,2","2,9",97302,cayenne
Maison,"3,7","3,8","3,6",97302,cayenne
Appartement,"2,9","2,8","2,7",97302,cayenne
Ensemble des résidences principales,"3,5","3,5","3,6",97304,kourou
Maison,"4,0","4,0","4,1",97304,kourou
Appartement,"2,8","2,7","2,9",97304,kourou
Ensemble des résidences principales,"3,6","3,6","3,6",97307,matoury
Maison,"3,9","3,9","3,8",97307,matoury
Appartement,"2,8","3,0","2,9",97307,matoury
Ensemble des résidences principales,"3,8","3,6","3,5",97309,remire-montjoly
Maison,"4,1","4,0","4,1",97309,remire-montjoly
Appartement,"2,8","2,8","2,8",97309,remire-montjoly
Ensemble des résidences principales,"3,6","3,6","3,4",97311,saint-laurent-du-maroni
Maison,"3,8","3,8","3,6",97311,saint-laurent-du-maroni
Appartement,"3,0","3,0","3,1",97311,saint-laurent-du-maroni
Ensemble des résidences principales,"3,5","3,6","3,6",97407,le-port
Maison,"3,8","4,0","4,0",97407,le-port
Appartement,"3,1","3,2","3,2",97407,le-port
Ensemble des résidences principales,"3,9","3,9","3,9",97408,la-possession
Maison,"4,4","4,5","4,5",97408,la-possession
Appartement,"2,9","3,0","3,1",97408,la-possession
Ensemble des résidences principales,"3,9","4,0","4,1",97409,saint-andre
Maison,"4,2","4,4","4,4",97409,saint-andre
Appartement,"3,0","3,1","3,3",97409,saint-andre
Ensemble des résidences principales,"4,1","4,0","3,9",97410,saint-benoit
Maison,"4,4","4,4","4,3",97410,saint-benoit
Appartement,"3,1","3,0","2,9",97410,saint-benoit
Ensemble des résidences principales,"3,4","3,4","3,4",97411,saint-denis
Maison,"4,3","4,4","4,4",97411,saint-denis
Appartement,"2,8","2,8","2,8",97411,saint-denis
Ensemble des résidences principales,"4,2","4,2","4,1",97412,saint-joseph
Maison,"4,3","4,4","4,4",97412,saint-joseph
Appartement,"3,2","3,1","3,0",97412,saint-joseph
Ensemble des résidences principales,"3,9","4,0","4,0",97413,saint-leu
Maison,"4,0","4,2","4,2",97413,saint-leu
Appartement,"2,9","3,0","3,0",97413,saint-leu
Ensemble des résidences principales,"4,0","4,1","4,1",97414,saint-louis
Maison,"4,1","4,2","4,3",97414,saint-louis
Appartement,"3,3","3,4","3,4",97414,saint-louis
Ensemble des résidences principales,"3,8","3,9","3,9",97415,saint-paul
Maison,"4,1","4,2","4,2",97415,saint-paul
Appartement,"2,8","2,9","3,0",97415,saint-paul
Ensemble des résidences principales,"3,7","3,8","3,8",97416,saint-pierre
Maison,"4,1","4,2","4,3",97416,saint-pierre
Appartement,"2,9","2,9","3,0",97416,saint-pierre
Ensemble des résidences principales,"4,0","4,1","4,1",97418,sainte-marie
Maison,"4,3","4,5","4,5",97418,sainte-marie
Appartement,"2,9","3,0","3,1",97418,sainte-marie
Ensemble des résidences principales,"4,0","4,1","4,1",97420,sainte-suzanne
Maison,"4,3","4,4","4,4",97420,sainte-suzanne
Appartement,"3,1","3,2","3,3",97420,sainte-suzanne
Ensemble des résidences principales,"3,9","4,0","4,0",97422,le-tampon
Maison,"4,3","4,3","4,4",97422,le-tampon
Appartement,"2,5","2,7","2,7",97422,le-tampon
