"","X","Hiver","Printemps","EtÃ©","Automne","code_insee","Ville"
"1","Heures d'ensoleillement","25","52","74","23","01053","bourg-en-bresse"
"2","Hauteur de pluie","303","386","257","314","01053","bourg-en-bresse"
"3","Heures d'ensoleillement","25","52","74","23","01283","oyonnax"
"4","Hauteur de pluie","303","386","257","314","01283","oyonnax"
"5","Heures d'ensoleillement","22","50","58","17","02408","laon"
"6","Hauteur de pluie","210","201","150","129","02408","laon"
"7","Heures d'ensoleillement","22","50","58","17","02691","saint-quentin"
"8","Hauteur de pluie","210","201","150","129","02691","saint-quentin"
"9","Heures d'ensoleillement","22","50","58","17","02722","soissons"
"10","Hauteur de pluie","210","201","150","129","02722","soissons"
"11","Heures d'ensoleillement","28","46","63","31","03185","montlucon"
"12","Hauteur de pluie","234","415","254","276","03185","montlucon"
"13","Heures d'ensoleillement","26","47","67","27","03310","vichy"
"14","Hauteur de pluie","189","256","261","185","03310","vichy"
"15","Heures d'ensoleillement","52","69","88","54","04112","manosque"
"16","Hauteur de pluie","255","182","167","225","04112","manosque"
"17","Heures d'ensoleillement","46","59","74","44","05061","gap"
"18","Hauteur de pluie","239","226","124","285","05061","gap"
"19","Heures d'ensoleillement","50","77","93","52","06004","antibes"
"20","Hauteur de pluie","543","159","148","167","06004","antibes"
"21","Heures d'ensoleillement","50","77","93","52","06027","cagnes-sur-mer"
"22","Hauteur de pluie","543","159","148","167","06027","cagnes-sur-mer"
"23","Heures d'ensoleillement","50","77","93","52","06029","cannes"
"24","Hauteur de pluie","543","159","148","167","06029","cannes"
"25","Heures d'ensoleillement","50","77","93","52","06030","le-cannet"
"26","Hauteur de pluie","543","159","148","167","06030","le-cannet"
"27","Heures d'ensoleillement","50","77","93","52","06069","grasse"
"28","Hauteur de pluie","543","159","148","167","06069","grasse"
"29","Heures d'ensoleillement","","","","","06079","mandelieu-la-napoule"
"30","Hauteur de pluie","487","98","257","226","06079","mandelieu-la-napoule"
"31","Heures d'ensoleillement","50","77","93","52","06083","menton"
"32","Hauteur de pluie","543","159","148","167","06083","menton"
"33","Heures d'ensoleillement","50","77","93","52","06088","nice"
"34","Hauteur de pluie","543","159","148","167","06088","nice"
"35","Heures d'ensoleillement","50","77","93","52","06123","saint-laurent-du-var"
"36","Hauteur de pluie","543","159","148","167","06123","saint-laurent-du-var"
"37","Heures d'ensoleillement","50","77","93","52","06155","vallauris"
"38","Hauteur de pluie","543","159","148","167","06155","vallauris"
"39","Heures d'ensoleillement","","46","58","16","08105","charleville-mezieres"
"40","Hauteur de pluie","330","243","317","217","08105","charleville-mezieres"
"41","Heures d'ensoleillement","24","53","64","21","10387","troyes"
"42","Hauteur de pluie","211","189","223","162","10387","troyes"
"43","Heures d'ensoleillement","","","79","34","11069","carcassonne"
"44","Hauteur de pluie","134","152","71","121","11069","carcassonne"
"45","Heures d'ensoleillement","52","69","84","40","11262","narbonne"
"46","Hauteur de pluie","68","138","68","243","11262","narbonne"
"47","Heures d'ensoleillement","33","","79","41","12145","millau"
"48","Hauteur de pluie","170","188","127","246","12145","millau"
"49","Heures d'ensoleillement","33","","79","41","12202","rodez"
"50","Hauteur de pluie","170","188","127","246","12202","rodez"
"51","Heures d'ensoleillement","","88","99","52","13001","aix-en-provence"
"52","Hauteur de pluie","261","69","138","88","13001","aix-en-provence"
"53","Heures d'ensoleillement","","88","99","52","13002","allauch"
"54","Hauteur de pluie","261","69","138","88","13002","allauch"
"55","Heures d'ensoleillement","50","74","89","49","13004","arles"
"56","Hauteur de pluie","318","98","130","149","13004","arles"
"57","Heures d'ensoleillement","","88","99","52","13005","aubagne"
"58","Hauteur de pluie","261","69","138","88","13005","aubagne"
"59","Heures d'ensoleillement","","","","","13028","la-ciotat"
"60","Hauteur de pluie","303","74","70","165","13028","la-ciotat"
"61","Heures d'ensoleillement","","88","99","52","13041","gardanne"
"62","Hauteur de pluie","261","69","138","88","13041","gardanne"
"63","Heures d'ensoleillement","","","","","13047","istres"
"64","Hauteur de pluie","263","87","119","114","13047","istres"
"65","Heures d'ensoleillement","","88","99","52","13054","marignane"
"66","Hauteur de pluie","261","69","138","88","13054","marignane"
"67","Heures d'ensoleillement","","88","99","52","13055","marseille"
"68","Hauteur de pluie","261","69","138","88","13055","marseille"
"69","Heures d'ensoleillement","","88","99","52","13056","martigues"
"70","Hauteur de pluie","261","69","138","88","13056","martigues"
"71","Heures d'ensoleillement","","","","","13063","miramas"
"72","Hauteur de pluie","263","87","119","114","13063","miramas"
"73","Heures d'ensoleillement","","88","99","52","13071","les-pennes-mirabeau"
"74","Hauteur de pluie","261","69","138","88","13071","les-pennes-mirabeau"
"75","Heures d'ensoleillement","","","","","13103","salon-de-provence"
"76","Hauteur de pluie","263","87","119","114","13103","salon-de-provence"
"77","Heures d'ensoleillement","","88","99","52","13117","vitrolles"
"78","Hauteur de pluie","261","69","138","88","13117","vitrolles"
"79","Heures d'ensoleillement","28","58","54","21","14118","caen"
"80","Hauteur de pluie","230","128","163","229","14118","caen"
"81","Heures d'ensoleillement","28","58","54","21","14327","herouville-saint-clair"
"82","Hauteur de pluie","230","128","163","229","14327","herouville-saint-clair"
"83","Heures d'ensoleillement","34","53","75","43","15014","aurillac"
"84","Hauteur de pluie","337","425","281","239","15014","aurillac"
"85","Heures d'ensoleillement","","57","68","33","16015","angouleme"
"86","Hauteur de pluie","299","273","168","165","16015","angouleme"
"87","Heures d'ensoleillement","31","68","","32","17299","rochefort"
"88","Hauteur de pluie","250","185","145","202","17299","rochefort"
"89","Heures d'ensoleillement","31","68","","32","17300","la-rochelle"
"90","Hauteur de pluie","250","185","145","202","17300","la-rochelle"
"91","Heures d'ensoleillement","","57","68","33","17415","saintes"
"92","Hauteur de pluie","299","273","168","165","17415","saintes"
"93","Heures d'ensoleillement","32","44","60","34","18033","bourges"
"94","Hauteur de pluie","248","265","287","306","18033","bourges"
"95","Heures d'ensoleillement","32","44","60","34","18279","vierzon"
"96","Hauteur de pluie","248","265","287","306","18279","vierzon"
"97","Heures d'ensoleillement","25","54","72","37","19031","brive-la-gaillarde"
"98","Hauteur de pluie","287","315","211","273","19031","brive-la-gaillarde"
"99","Heures d'ensoleillement","","49","72","18","21054","beaune"
"100","Hauteur de pluie","211","224","235","211","21054","beaune"
"101","Heures d'ensoleillement","","49","72","18","21231","dijon"
"102","Hauteur de pluie","211","224","235","211","21231","dijon"
"103","Heures d'ensoleillement","24","56","47","22","22113","lannion"
"104","Hauteur de pluie","265","113","123","184","22113","lannion"
"105","Heures d'ensoleillement","24","56","47","22","22278","saint-brieuc"
"106","Hauteur de pluie","265","113","123","184","22278","saint-brieuc"
"107","Heures d'ensoleillement","29","56","71","35","24037","bergerac"
"108","Hauteur de pluie","259","279","157","230","24037","bergerac"
"109","Heures d'ensoleillement","29","56","71","35","24322","perigueux"
"110","Hauteur de pluie","259","279","157","230","24322","perigueux"
"111","Heures d'ensoleillement","22","46","68","23","25056","besancon"
"112","Hauteur de pluie","281","389","267","363","25056","besancon"
"113","Heures d'ensoleillement","","","","","25388","montbeliard"
"114","Hauteur de pluie","235","348","326","305","25388","montbeliard"
"115","Heures d'ensoleillement","41","68","85","40","26198","montelimar"
"116","Hauteur de pluie","334","275","274","149","26198","montelimar"
"117","Heures d'ensoleillement","","","","","26281","romans-sur-isere"
"118","Hauteur de pluie","230","293","324","250","26281","romans-sur-isere"
"119","Heures d'ensoleillement","41","68","85","40","26362","valence"
"120","Hauteur de pluie","334","275","274","149","26362","valence"
"121","Heures d'ensoleillement","","","","","27229","evreux"
"122","Hauteur de pluie","201","190","213","175","27229","evreux"
"123","Heures d'ensoleillement","","","","","27681","vernon"
"124","Hauteur de pluie","201","190","213","175","27681","vernon"
"125","Heures d'ensoleillement","25","50","57","16","28085","chartres"
"126","Hauteur de pluie","218","219","187","210","28085","chartres"
"127","Heures d'ensoleillement","25","50","57","16","28134","dreux"
"128","Hauteur de pluie","218","219","187","210","28134","dreux"
"129","Heures d'ensoleillement","19","54","43","19","29019","brest"
"130","Hauteur de pluie","538","220","352","327","29019","brest"
"131","Heures d'ensoleillement","25","65","58","26","29039","concarneau"
"132","Hauteur de pluie","334","227","198","246","29039","concarneau"
"133","Heures d'ensoleillement","25","65","58","26","29232","quimper"
"134","Hauteur de pluie","334","227","198","246","29232","quimper"
"135","Heures d'ensoleillement","46","91","95","53","2A004","ajaccio"
"136","Hauteur de pluie","220","51","61","184","2A004","ajaccio"
"137","Heures d'ensoleillement","48","77","88","47","2B033","bastia"
"138","Hauteur de pluie","186","112","166","458","2B033","bastia"
"139","Heures d'ensoleillement","","","","","30007","ales"
"140","Hauteur de pluie","694","510","298","919","30007","ales"
"141","Heures d'ensoleillement","50","74","89","49","30189","nimes"
"142","Hauteur de pluie","318","98","130","149","30189","nimes"
"143","Heures d'ensoleillement","35","57","69","35","31069","blagnac"
"144","Hauteur de pluie","147","181","133","146","31069","blagnac"
"145","Heures d'ensoleillement","35","57","69","35","31149","colomiers"
"146","Hauteur de pluie","147","181","133","146","31149","colomiers"
"147","Heures d'ensoleillement","35","57","69","35","31157","cugnaux"
"148","Hauteur de pluie","147","181","133","146","31157","cugnaux"
"149","Heures d'ensoleillement","35","57","69","35","31395","muret"
"150","Hauteur de pluie","147","181","133","146","31395","muret"
"151","Heures d'ensoleillement","35","57","69","35","31555","toulouse"
"152","Hauteur de pluie","147","181","133","146","31555","toulouse"
"153","Heures d'ensoleillement","35","57","69","35","31557","tournefeuille"
"154","Hauteur de pluie","147","181","133","146","31557","tournefeuille"
"155","Heures d'ensoleillement","33","","64","32","32013","auch"
"156","Hauteur de pluie","178","210","171","182","32013","auch"
"157","Heures d'ensoleillement","27","57","67","34","33039","begles"
"158","Hauteur de pluie","351","272","181","214","33039","begles"
"159","Heures d'ensoleillement","27","57","67","34","33063","bordeaux"
"160","Hauteur de pluie","351","272","181","214","33063","bordeaux"
"161","Heures d'ensoleillement","27","57","67","34","33069","le-bouscat"
"162","Hauteur de pluie","351","272","181","214","33069","le-bouscat"
"163","Heures d'ensoleillement","27","57","67","34","33075","bruges"
"164","Hauteur de pluie","351","272","181","214","33075","bruges"
"165","Heures d'ensoleillement","27","57","67","34","33119","cenon"
"166","Hauteur de pluie","351","272","181","214","33119","cenon"
"167","Heures d'ensoleillement","27","57","67","34","33162","eysines"
"168","Hauteur de pluie","351","272","181","214","33162","eysines"
"169","Heures d'ensoleillement","27","57","67","34","33192","gradignan"
"170","Hauteur de pluie","351","272","181","214","33192","gradignan"
"171","Heures d'ensoleillement","","","","","33199","gujan-mestras"
"172","Hauteur de pluie","331","223","257","259","33199","gujan-mestras"
"173","Heures d'ensoleillement","27","57","67","34","33243","libourne"
"174","Hauteur de pluie","351","272","181","214","33243","libourne"
"175","Heures d'ensoleillement","27","57","67","34","33249","lormont"
"176","Hauteur de pluie","351","272","181","214","33249","lormont"
"177","Heures d'ensoleillement","27","57","67","34","33281","merignac"
"178","Hauteur de pluie","351","272","181","214","33281","merignac"
"179","Heures d'ensoleillement","27","57","67","34","33318","pessac"
"180","Hauteur de pluie","351","272","181","214","33318","pessac"
"181","Heures d'ensoleillement","27","57","67","34","33449","saint-medard-en-jalles"
"182","Hauteur de pluie","351","272","181","214","33449","saint-medard-en-jalles"
"183","Heures d'ensoleillement","27","57","67","34","33522","talence"
"184","Hauteur de pluie","351","272","181","214","33522","talence"
"185","Heures d'ensoleillement","","","","","33529","la-teste-de-buch"
"186","Hauteur de pluie","331","223","257","259","33529","la-teste-de-buch"
"187","Heures d'ensoleillement","27","57","67","34","33550","villenave-d-ornon"
"188","Hauteur de pluie","351","272","181","214","33550","villenave-d-ornon"
"189","Heures d'ensoleillement","45","74","91","48","34003","agde"
"190","Hauteur de pluie","222","127","75","155","34003","agde"
"191","Heures d'ensoleillement","45","74","91","48","34032","beziers"
"192","Hauteur de pluie","222","127","75","155","34032","beziers"
"193","Heures d'ensoleillement","45","74","91","48","34057","castelnau-le-lez"
"194","Hauteur de pluie","222","127","75","155","34057","castelnau-le-lez"
"195","Heures d'ensoleillement","45","74","91","48","34108","frontignan"
"196","Hauteur de pluie","222","127","75","155","34108","frontignan"
"197","Heures d'ensoleillement","45","74","91","48","34145","lunel"
"198","Hauteur de pluie","222","127","75","155","34145","lunel"
"199","Heures d'ensoleillement","45","74","91","48","34172","montpellier"
"200","Hauteur de pluie","222","127","75","155","34172","montpellier"
"201","Heures d'ensoleillement","45","74","91","48","34301","sete"
"202","Hauteur de pluie","222","127","75","155","34301","sete"
"203","Heures d'ensoleillement","26","56","52","19","35115","fougeres"
"204","Hauteur de pluie","193","192","112","194","35115","fougeres"
"205","Heures d'ensoleillement","26","56","52","19","35238","rennes"
"206","Hauteur de pluie","193","192","112","194","35238","rennes"
"207","Heures d'ensoleillement","26","61","50","19","35288","saint-malo"
"208","Hauteur de pluie","177","120","188","205","35288","saint-malo"
"209","Heures d'ensoleillement","26","56","67","","36044","chateauroux"
"210","Hauteur de pluie","225","310","188","241","36044","chateauroux"
"211","Heures d'ensoleillement","26","55","61","17","37122","joue-les-tours"
"212","Hauteur de pluie","257","209","160","216","37122","joue-les-tours"
"213","Heures d'ensoleillement","26","55","61","17","37261","tours"
"214","Hauteur de pluie","257","209","160","216","37261","tours"
"215","Heures d'ensoleillement","","","","","38053","bourgoin-jallieu"
"216","Hauteur de pluie","230","293","324","250","38053","bourgoin-jallieu"
"217","Heures d'ensoleillement","","","","","38151","echirolles"
"218","Hauteur de pluie","230","293","324","250","38151","echirolles"
"219","Heures d'ensoleillement","","","","","38169","fontaine"
"220","Hauteur de pluie","230","293","324","250","38169","fontaine"
"221","Heures d'ensoleillement","","","","","38185","grenoble"
"222","Hauteur de pluie","230","293","324","250","38185","grenoble"
"223","Heures d'ensoleillement","","","","","38421","saint-martin-d-heres"
"224","Hauteur de pluie","230","293","324","250","38421","saint-martin-d-heres"
"225","Heures d'ensoleillement","29","53","75","24","38544","vienne"
"226","Hauteur de pluie","224","325","187","254","38544","vienne"
"227","Heures d'ensoleillement","","","","","38563","voiron"
"228","Hauteur de pluie","230","293","324","250","38563","voiron"
"229","Heures d'ensoleillement","22","46","68","23","39198","dole"
"230","Hauteur de pluie","281","389","267","363","39198","dole"
"231","Heures d'ensoleillement","","57","60","32","40088","dax"
"232","Hauteur de pluie","474","343","328","389","40088","dax"
"233","Heures d'ensoleillement","31","59","73","35","40192","mont-de-marsan"
"234","Hauteur de pluie","182","285","168","186","40192","mont-de-marsan"
"235","Heures d'ensoleillement","24","52","62","13","41018","blois"
"236","Hauteur de pluie","199","230","224","253","41018","blois"
"237","Heures d'ensoleillement","26","47","67","27","42187","roanne"
"238","Hauteur de pluie","189","256","261","185","42187","roanne"
"239","Heures d'ensoleillement","31","46","71","33","42207","saint-chamond"
"240","Hauteur de pluie","160","277","235","183","42207","saint-chamond"
"241","Heures d'ensoleillement","31","46","71","33","42218","saint-etienne"
"242","Hauteur de pluie","160","277","235","183","42218","saint-etienne"
"243","Heures d'ensoleillement","28","58","58","21","44020","bouguenais"
"244","Hauteur de pluie","291","239","199","294","44020","bouguenais"
"245","Heures d'ensoleillement","28","58","58","21","44026","carquefou"
"246","Hauteur de pluie","291","239","199","294","44026","carquefou"
"247","Heures d'ensoleillement","28","58","58","21","44035","la-chapelle-sur-erdre"
"248","Hauteur de pluie","291","239","199","294","44035","la-chapelle-sur-erdre"
"249","Heures d'ensoleillement","28","58","58","21","44047","coueron"
"250","Hauteur de pluie","291","239","199","294","44047","coueron"
"251","Heures d'ensoleillement","28","58","58","21","44109","nantes"
"252","Hauteur de pluie","291","239","199","294","44109","nantes"
"253","Heures d'ensoleillement","28","58","58","21","44114","orvault"
"254","Hauteur de pluie","291","239","199","294","44114","orvault"
"255","Heures d'ensoleillement","28","58","58","21","44143","reze"
"256","Hauteur de pluie","291","239","199","294","44143","reze"
"257","Heures d'ensoleillement","28","58","58","21","44162","saint-herblain"
"258","Hauteur de pluie","291","239","199","294","44162","saint-herblain"
"259","Heures d'ensoleillement","28","58","58","21","44184","saint-nazaire"
"260","Hauteur de pluie","291","239","199","294","44184","saint-nazaire"
"261","Heures d'ensoleillement","28","58","58","21","44190","saint-sebastien-sur-loire"
"262","Hauteur de pluie","291","239","199","294","44190","saint-sebastien-sur-loire"
"263","Heures d'ensoleillement","28","58","58","21","44215","vertou"
"264","Hauteur de pluie","291","239","199","294","44215","vertou"
"265","Heures d'ensoleillement","25","53","61","15","45147","fleury-les-aubrais"
"266","Hauteur de pluie","195","250","192","190","45147","fleury-les-aubrais"
"267","Heures d'ensoleillement","25","53","61","15","45232","olivet"
"268","Hauteur de pluie","195","250","192","190","45232","olivet"
"269","Heures d'ensoleillement","25","53","61","15","45234","orleans"
"270","Hauteur de pluie","195","250","192","190","45234","orleans"
"271","Heures d'ensoleillement","25","53","61","15","45284","saint-jean-de-braye"
"272","Hauteur de pluie","195","250","192","190","45284","saint-jean-de-braye"
"273","Heures d'ensoleillement","28","53","70","34","46042","cahors"
"274","Hauteur de pluie","269","315","199","269","46042","cahors"
"275","Heures d'ensoleillement","30","58","70","29","47001","agen"
"276","Hauteur de pluie","193","297","168","179","47001","agen"
"277","Heures d'ensoleillement","30","58","70","29","47323","villeneuve-sur-lot"
"278","Hauteur de pluie","193","297","168","179","47323","villeneuve-sur-lot"
"279","Heures d'ensoleillement","27","57","57","17","49007","angers"
"280","Hauteur de pluie","231","175","149","229","49007","angers"
"281","Heures d'ensoleillement","28","58","58","21","49023","beaupreau-en-mauges"
"282","Hauteur de pluie","291","239","199","294","49023","beaupreau-en-mauges"
"283","Heures d'ensoleillement","27","57","57","17","49092","chemille-en-anjou"
"284","Hauteur de pluie","231","175","149","229","49092","chemille-en-anjou"
"285","Heures d'ensoleillement","28","58","58","21","49099","cholet"
"286","Hauteur de pluie","291","239","199","294","49099","cholet"
"287","Heures d'ensoleillement","28","58","58","21","49301","sevremoine"
"288","Hauteur de pluie","291","239","199","294","49301","sevremoine"
"289","Heures d'ensoleillement","27","57","57","17","49328","saumur"
"290","Hauteur de pluie","231","175","149","229","49328","saumur"
"291","Heures d'ensoleillement","25","61","52","19","50129","cherbourg-en-cotentin"
"292","Hauteur de pluie","332","159","257","322","50129","cherbourg-en-cotentin"
"293","Heures d'ensoleillement","22","48","61","19","51108","chalons-en-champagne"
"294","Hauteur de pluie","187","169","223","152","51108","chalons-en-champagne"
"295","Heures d'ensoleillement","22","48","61","19","51230","epernay"
"296","Hauteur de pluie","187","169","223","152","51230","epernay"
"297","Heures d'ensoleillement","22","48","61","19","51454","reims"
"298","Hauteur de pluie","187","169","223","152","51454","reims"
"299","Heures d'ensoleillement","27","60","61","25","52121","chaumont"
"300","Hauteur de pluie","294","263","219","261","52121","chaumont"
"301","Heures d'ensoleillement","21","52","62","20","52448","saint-dizier"
"302","Hauteur de pluie","242","259","254","187","52448","saint-dizier"
"303","Heures d'ensoleillement","26","56","55","16","53130","laval"
"304","Hauteur de pluie","241","263","164","204","53130","laval"
"305","Heures d'ensoleillement","22","52","64","17","54395","nancy"
"306","Hauteur de pluie","252","333","193","178","54395","nancy"
"307","Heures d'ensoleillement","22","52","64","17","54547","vandoeuvre-les-nancy"
"308","Hauteur de pluie","252","333","193","178","54547","vandoeuvre-les-nancy"
"309","Heures d'ensoleillement","25","65","58","26","56098","lanester"
"310","Hauteur de pluie","334","227","198","246","56098","lanester"
"311","Heures d'ensoleillement","25","65","58","26","56121","lorient"
"312","Hauteur de pluie","334","227","198","246","56121","lorient"
"313","Heures d'ensoleillement","25","65","58","26","56260","vannes"
"314","Hauteur de pluie","334","227","198","246","56260","vannes"
"315","Heures d'ensoleillement","","","","","57227","forbach"
"316","Hauteur de pluie","262","242","219","181","57227","forbach"
"317","Heures d'ensoleillement","","","","","57463","metz"
"318","Hauteur de pluie","262","242","219","181","57463","metz"
"319","Heures d'ensoleillement","","","","","57480","montigny-les-metz"
"320","Hauteur de pluie","262","242","219","181","57480","montigny-les-metz"
"321","Heures d'ensoleillement","","","","","57631","sarreguemines"
"322","Hauteur de pluie","262","242","219","181","57631","sarreguemines"
"323","Heures d'ensoleillement","","","","","57672","thionville"
"324","Hauteur de pluie","262","242","219","181","57672","thionville"
"325","Heures d'ensoleillement","27","49","65","24","58194","nevers"
"326","Hauteur de pluie","276","338","234","221","58194","nevers"
"327","Heures d'ensoleillement","","","","","59009","villeneuve-d-ascq"
"328","Hauteur de pluie","259","227","206","165","59009","villeneuve-d-ascq"
"329","Heures d'ensoleillement","","","","","59017","armentieres"
"330","Hauteur de pluie","259","227","206","165","59017","armentieres"
"331","Heures d'ensoleillement","22","50","58","17","59122","cambrai"
"332","Hauteur de pluie","210","201","150","129","59122","cambrai"
"333","Heures d'ensoleillement","","","","","59155","coudekerque-branche"
"334","Hauteur de pluie","245","167","297","161","59155","coudekerque-branche"
"335","Heures d'ensoleillement","","","","","59163","croix"
"336","Hauteur de pluie","259","227","206","165","59163","croix"
"337","Heures d'ensoleillement","","","","","59172","denain"
"338","Hauteur de pluie","259","227","206","165","59172","denain"
"339","Heures d'ensoleillement","","","","","59178","douai"
"340","Hauteur de pluie","259","227","206","165","59178","douai"
"341","Heures d'ensoleillement","","","","","59183","dunkerque"
"342","Hauteur de pluie","245","167","297","161","59183","dunkerque"
"343","Heures d'ensoleillement","","","","","59271","grande-synthe"
"344","Hauteur de pluie","245","167","297","161","59271","grande-synthe"
"345","Heures d'ensoleillement","","","","","59279","halluin"
"346","Hauteur de pluie","259","227","206","165","59279","halluin"
"347","Heures d'ensoleillement","","","","","59295","hazebrouck"
"348","Hauteur de pluie","245","167","297","161","59295","hazebrouck"
"349","Heures d'ensoleillement","","","","","59328","lambersart"
"350","Hauteur de pluie","259","227","206","165","59328","lambersart"
"351","Heures d'ensoleillement","","","","","59350","lille"
"352","Hauteur de pluie","259","227","206","165","59350","lille"
"353","Heures d'ensoleillement","","","","","59360","loos"
"354","Hauteur de pluie","259","227","206","165","59360","loos"
"355","Heures d'ensoleillement","","","","","59368","la-madeleine"
"356","Hauteur de pluie","259","227","206","165","59368","la-madeleine"
"357","Heures d'ensoleillement","","","","","59378","marcq-en-baroeul"
"358","Hauteur de pluie","259","227","206","165","59378","marcq-en-baroeul"
"359","Heures d'ensoleillement","","","","","59392","maubeuge"
"360","Hauteur de pluie","259","227","206","165","59392","maubeuge"
"361","Heures d'ensoleillement","","","","","59410","mons-en-baroeul"
"362","Hauteur de pluie","259","227","206","165","59410","mons-en-baroeul"
"363","Heures d'ensoleillement","","","","","59512","roubaix"
"364","Hauteur de pluie","259","227","206","165","59512","roubaix"
"365","Heures d'ensoleillement","","","","","59599","tourcoing"
"366","Hauteur de pluie","259","227","206","165","59599","tourcoing"
"367","Heures d'ensoleillement","","","","","59606","valenciennes"
"368","Hauteur de pluie","259","227","206","165","59606","valenciennes"
"369","Heures d'ensoleillement","","","","","59646","wasquehal"
"370","Hauteur de pluie","259","227","206","165","59646","wasquehal"
"371","Heures d'ensoleillement","","","","","59650","wattrelos"
"372","Hauteur de pluie","259","227","206","165","59650","wattrelos"
"373","Heures d'ensoleillement","21","49","55","16","60057","beauvais"
"374","Hauteur de pluie","215","212","245","184","60057","beauvais"
"375","Heures d'ensoleillement","21","49","55","16","60159","compiegne"
"376","Hauteur de pluie","215","212","245","184","60159","compiegne"
"377","Heures d'ensoleillement","","","","","60175","creil"
"378","Hauteur de pluie","221","180","205","230","60175","creil"
"379","Heures d'ensoleillement","21","49","55","16","60463","nogent-sur-oise"
"380","Hauteur de pluie","215","212","245","184","60463","nogent-sur-oise"
"381","Heures d'ensoleillement","26","52","56","15","61001","alencon"
"382","Hauteur de pluie","260","226","141","218","61001","alencon"
"383","Heures d'ensoleillement","","","","","62041","arras"
"384","Hauteur de pluie","259","227","206","165","62041","arras"
"385","Heures d'ensoleillement","","","","","62119","bethune"
"386","Hauteur de pluie","259","227","206","165","62119","bethune"
"387","Heures d'ensoleillement","","","","","62160","boulogne-sur-mer"
"388","Hauteur de pluie","277","168","320","249","62160","boulogne-sur-mer"
"389","Heures d'ensoleillement","","","","","62178","bruay-la-buissiere"
"390","Hauteur de pluie","259","227","206","165","62178","bruay-la-buissiere"
"391","Heures d'ensoleillement","","","","","62193","calais"
"392","Hauteur de pluie","277","168","320","249","62193","calais"
"393","Heures d'ensoleillement","","","","","62427","henin-beaumont"
"394","Hauteur de pluie","259","227","206","165","62427","henin-beaumont"
"395","Heures d'ensoleillement","","","","","62498","lens"
"396","Hauteur de pluie","259","227","206","165","62498","lens"
"397","Heures d'ensoleillement","","","","","62510","lievin"
"398","Hauteur de pluie","259","227","206","165","62510","lievin"
"399","Heures d'ensoleillement","34","47","70","32","63113","clermont-ferrand"
"400","Hauteur de pluie","130","236","222","127","63113","clermont-ferrand"
"401","Heures d'ensoleillement","34","47","70","32","63124","cournon-d-auvergne"
"402","Hauteur de pluie","130","236","222","127","63124","cournon-d-auvergne"
"403","Heures d'ensoleillement","32","58","57","33","64024","anglet"
"404","Hauteur de pluie","471","467","274","607","64024","anglet"
"405","Heures d'ensoleillement","32","58","57","33","64102","bayonne"
"406","Hauteur de pluie","471","467","274","607","64102","bayonne"
"407","Heures d'ensoleillement","32","58","57","33","64122","biarritz"
"408","Hauteur de pluie","471","467","274","607","64122","biarritz"
"409","Heures d'ensoleillement","35","55","54","34","64445","pau"
"410","Hauteur de pluie","375","329","244","352","64445","pau"
"411","Heures d'ensoleillement","38","53","54","36","65440","tarbes"
"412","Hauteur de pluie","299","275","197","311","65440","tarbes"
"413","Heures d'ensoleillement","52","69","84","40","66136","perpignan"
"414","Hauteur de pluie","68","138","68","243","66136","perpignan"
"415","Heures d'ensoleillement","26","55","66","15","67180","haguenau"
"416","Hauteur de pluie","135","294","240","128","67180","haguenau"
"417","Heures d'ensoleillement","26","55","66","15","67218","illkirch-graffenstaden"
"418","Hauteur de pluie","135","294","240","128","67218","illkirch-graffenstaden"
"419","Heures d'ensoleillement","26","55","66","15","67267","lingolsheim"
"420","Hauteur de pluie","135","294","240","128","67267","lingolsheim"
"421","Heures d'ensoleillement","26","55","66","15","67447","schiltigheim"
"422","Hauteur de pluie","135","294","240","128","67447","schiltigheim"
"423","Heures d'ensoleillement","26","55","66","15","67482","strasbourg"
"424","Hauteur de pluie","135","294","240","128","67482","strasbourg"
"425","Heures d'ensoleillement","30","52","72","22","68066","colmar"
"426","Hauteur de pluie","113","228","230","129","68066","colmar"
"427","Heures d'ensoleillement","","","","","68224","mulhouse"
"428","Hauteur de pluie","141","235","185","152","68224","mulhouse"
"429","Heures d'ensoleillement","","","","","68297","saint-louis"
"430","Hauteur de pluie","141","235","185","152","68297","saint-louis"
"431","Heures d'ensoleillement","29","53","75","24","69029","bron"
"432","Hauteur de pluie","224","325","187","254","69029","bron"
"433","Heures d'ensoleillement","29","53","75","24","69034","caluire-et-cuire"
"434","Hauteur de pluie","224","325","187","254","69034","caluire-et-cuire"
"435","Heures d'ensoleillement","29","53","75","24","69091","givors"
"436","Hauteur de pluie","224","325","187","254","69091","givors"
"437","Heures d'ensoleillement","29","53","75","24","69123","lyon"
"438","Hauteur de pluie","224","325","187","254","69123","lyon"
"439","Heures d'ensoleillement","29","53","75","24","69149","oullins-pierre-benite"
"440","Hauteur de pluie","224","325","187","254","69149","oullins-pierre-benite"
"441","Heures d'ensoleillement","29","53","75","24","69202","sainte-foy-les-lyon"
"442","Hauteur de pluie","224","325","187","254","69202","sainte-foy-les-lyon"
"443","Heures d'ensoleillement","29","53","75","24","69204","saint-genis-laval"
"444","Hauteur de pluie","224","325","187","254","69204","saint-genis-laval"
"445","Heures d'ensoleillement","29","53","75","24","69244","tassin-la-demi-lune"
"446","Hauteur de pluie","224","325","187","254","69244","tassin-la-demi-lune"
"447","Heures d'ensoleillement","29","53","75","24","69256","vaulx-en-velin"
"448","Hauteur de pluie","224","325","187","254","69256","vaulx-en-velin"
"449","Heures d'ensoleillement","29","53","75","24","69259","venissieux"
"450","Hauteur de pluie","224","325","187","254","69259","venissieux"
"451","Heures d'ensoleillement","29","53","75","24","69264","villefranche-sur-saone"
"452","Hauteur de pluie","224","325","187","254","69264","villefranche-sur-saone"
"453","Heures d'ensoleillement","29","53","75","24","69266","villeurbanne"
"454","Hauteur de pluie","224","325","187","254","69266","villeurbanne"
"455","Heures d'ensoleillement","29","53","75","24","69275","decines-charpieu"
"456","Hauteur de pluie","224","325","187","254","69275","decines-charpieu"
"457","Heures d'ensoleillement","29","53","75","24","69282","meyzieu"
"458","Hauteur de pluie","224","325","187","254","69282","meyzieu"
"459","Heures d'ensoleillement","29","53","75","24","69286","rillieux-la-pape"
"460","Hauteur de pluie","224","325","187","254","69286","rillieux-la-pape"
"461","Heures d'ensoleillement","29","53","75","24","69290","saint-priest"
"462","Hauteur de pluie","224","325","187","254","69290","saint-priest"
"463","Heures d'ensoleillement","","","","","71076","chalon-sur-saone"
"464","Hauteur de pluie","223","370","301","324","71076","chalon-sur-saone"
"465","Heures d'ensoleillement","25","50","74","19","71153","le-creusot"
"466","Hauteur de pluie","270","272","201","228","71153","le-creusot"
"467","Heures d'ensoleillement","25","50","74","19","71270","macon"
"468","Hauteur de pluie","270","272","201","228","71270","macon"
"469","Heures d'ensoleillement","24","54","57","14","72181","le-mans"
"470","Hauteur de pluie","247","291","224","199","72181","le-mans"
"471","Heures d'ensoleillement","27","44","64","25","73008","aix-les-bains"
"472","Hauteur de pluie","292","340","299","327","73008","aix-les-bains"
"473","Heures d'ensoleillement","27","44","64","25","73065","chambery"
"474","Hauteur de pluie","292","340","299","327","73065","chambery"
"475","Heures d'ensoleillement","27","44","64","25","74010","annecy"
"476","Hauteur de pluie","292","340","299","327","74010","annecy"
"477","Heures d'ensoleillement","27","44","64","25","74012","annemasse"
"478","Hauteur de pluie","292","340","299","327","74012","annemasse"
"479","Heures d'ensoleillement","","","","","74281","thonon-les-bains"
"480","Hauteur de pluie","223","370","301","324","74281","thonon-les-bains"
"481","Heures d'ensoleillement","25","50","56","18","75056","paris"
"482","Hauteur de pluie","222","194","246","240","75056","paris"
"483","Heures d'ensoleillement","","","","","76217","dieppe"
"484","Hauteur de pluie","238","159","217","196","76217","dieppe"
"485","Heures d'ensoleillement","23","49","54","17","76322","le-grand-quevilly"
"486","Hauteur de pluie","218","177","242","200","76322","le-grand-quevilly"
"487","Heures d'ensoleillement","","","","","76351","le-havre"
"488","Hauteur de pluie","200","138","177","251","76351","le-havre"
"489","Heures d'ensoleillement","23","49","54","17","76451","mont-saint-aignan"
"490","Hauteur de pluie","218","177","242","200","76451","mont-saint-aignan"
"491","Heures d'ensoleillement","23","49","54","17","76498","le-petit-quevilly"
"492","Hauteur de pluie","218","177","242","200","76498","le-petit-quevilly"
"493","Heures d'ensoleillement","23","49","54","17","76540","rouen"
"494","Hauteur de pluie","218","177","242","200","76540","rouen"
"495","Heures d'ensoleillement","23","49","54","17","76575","saint-etienne-du-rouvray"
"496","Hauteur de pluie","218","177","242","200","76575","saint-etienne-du-rouvray"
"497","Heures d'ensoleillement","23","49","54","17","76681","sotteville-les-rouen"
"498","Hauteur de pluie","218","177","242","200","76681","sotteville-les-rouen"
"499","Heures d'ensoleillement","","","","","77058","bussy-saint-georges"
"500","Hauteur de pluie","221","180","205","230","77058","bussy-saint-georges"
"501","Heures d'ensoleillement","","","","","77083","champs-sur-marne"
"502","Hauteur de pluie","221","180","205","230","77083","champs-sur-marne"
"503","Heures d'ensoleillement","","","","","77108","chelles"
"504","Hauteur de pluie","221","180","205","230","77108","chelles"
"505","Heures d'ensoleillement","","50","59","18","77122","combs-la-ville"
"506","Hauteur de pluie","176","232","295","233","77122","combs-la-ville"
"507","Heures d'ensoleillement","","50","59","18","77152","dammarie-les-lys"
"508","Hauteur de pluie","176","232","295","233","77152","dammarie-les-lys"
"509","Heures d'ensoleillement","","","","","77243","lagny-sur-marne"
"510","Hauteur de pluie","221","180","205","230","77243","lagny-sur-marne"
"511","Heures d'ensoleillement","","","","","77284","meaux"
"512","Hauteur de pluie","221","180","205","230","77284","meaux"
"513","Heures d'ensoleillement","","50","59","18","77285","le-mee-sur-seine"
"514","Hauteur de pluie","176","232","295","233","77285","le-mee-sur-seine"
"515","Heures d'ensoleillement","","50","59","18","77288","melun"
"516","Hauteur de pluie","176","232","295","233","77288","melun"
"517","Heures d'ensoleillement","","","","","77294","mitry-mory"
"518","Hauteur de pluie","221","180","205","230","77294","mitry-mory"
"519","Heures d'ensoleillement","","50","59","18","77305","montereau-fault-yonne"
"520","Hauteur de pluie","176","232","295","233","77305","montereau-fault-yonne"
"521","Heures d'ensoleillement","","50","59","18","77350","ozoir-la-ferriere"
"522","Hauteur de pluie","176","232","295","233","77350","ozoir-la-ferriere"
"523","Heures d'ensoleillement","23","50","59","18","77373","pontault-combault"
"524","Hauteur de pluie","205","177","248","183","77373","pontault-combault"
"525","Heures d'ensoleillement","","50","59","18","77390","roissy-en-brie"
"526","Hauteur de pluie","176","232","295","233","77390","roissy-en-brie"
"527","Heures d'ensoleillement","","50","59","18","77445","savigny-le-temple"
"528","Hauteur de pluie","176","232","295","233","77445","savigny-le-temple"
"529","Heures d'ensoleillement","","","","","77468","torcy"
"530","Hauteur de pluie","221","180","205","230","77468","torcy"
"531","Heures d'ensoleillement","","","","","77514","villeparisis"
"532","Hauteur de pluie","221","180","205","230","77514","villeparisis"
"533","Heures d'ensoleillement","","","","","78005","acheres"
"534","Hauteur de pluie","199","240","208","255","78005","acheres"
"535","Heures d'ensoleillement","","","","","78126","la-celle-saint-cloud"
"536","Hauteur de pluie","199","240","208","255","78126","la-celle-saint-cloud"
"537","Heures d'ensoleillement","","","","","78146","chatou"
"538","Hauteur de pluie","199","240","208","255","78146","chatou"
"539","Heures d'ensoleillement","","","","","78158","le-chesnay-rocquencourt"
"540","Hauteur de pluie","199","240","208","255","78158","le-chesnay-rocquencourt"
"541","Heures d'ensoleillement","","","","","78172","conflans-sainte-honorine"
"542","Hauteur de pluie","221","180","205","230","78172","conflans-sainte-honorine"
"543","Heures d'ensoleillement","","","","","78208","elancourt"
"544","Hauteur de pluie","199","240","208","255","78208","elancourt"
"545","Heures d'ensoleillement","","","","","78297","guyancourt"
"546","Hauteur de pluie","199","240","208","255","78297","guyancourt"
"547","Heures d'ensoleillement","25","50","56","18","78311","houilles"
"548","Hauteur de pluie","222","194","246","240","78311","houilles"
"549","Heures d'ensoleillement","25","50","56","18","78358","maisons-laffitte"
"550","Hauteur de pluie","222","194","246","240","78358","maisons-laffitte"
"551","Heures d'ensoleillement","","","","","78361","mantes-la-jolie"
"552","Hauteur de pluie","201","190","213","175","78361","mantes-la-jolie"
"553","Heures d'ensoleillement","","","","","78362","mantes-la-ville"
"554","Hauteur de pluie","201","190","213","175","78362","mantes-la-ville"
"555","Heures d'ensoleillement","","","","","78423","montigny-le-bretonneux"
"556","Hauteur de pluie","199","240","208","255","78423","montigny-le-bretonneux"
"557","Heures d'ensoleillement","","","","","78440","les-mureaux"
"558","Hauteur de pluie","199","240","208","255","78440","les-mureaux"
"559","Heures d'ensoleillement","","","","","78490","plaisir"
"560","Hauteur de pluie","199","240","208","255","78490","plaisir"
"561","Heures d'ensoleillement","","","","","78498","poissy"
"562","Hauteur de pluie","199","240","208","255","78498","poissy"
"563","Heures d'ensoleillement","","","","","78517","rambouillet"
"564","Hauteur de pluie","199","240","208","255","78517","rambouillet"
"565","Heures d'ensoleillement","","","","","78545","saint-cyr-l-ecole"
"566","Hauteur de pluie","199","240","208","255","78545","saint-cyr-l-ecole"
"567","Heures d'ensoleillement","","","","","78551","saint-germain-en-laye"
"568","Hauteur de pluie","199","240","208","255","78551","saint-germain-en-laye"
"569","Heures d'ensoleillement","25","50","56","18","78586","sartrouville"
"570","Hauteur de pluie","222","194","246","240","78586","sartrouville"
"571","Heures d'ensoleillement","","","","","78621","trappes"
"572","Hauteur de pluie","199","240","208","255","78621","trappes"
"573","Heures d'ensoleillement","","","","","78640","velizy-villacoublay"
"574","Hauteur de pluie","199","240","208","255","78640","velizy-villacoublay"
"575","Heures d'ensoleillement","","","","","78646","versailles"
"576","Hauteur de pluie","199","240","208","255","78646","versailles"
"577","Heures d'ensoleillement","","59","65","25","79191","niort"
"578","Hauteur de pluie","313","278","113","218","79191","niort"
"579","Heures d'ensoleillement","","","","","80001","abbeville"
"580","Hauteur de pluie","238","159","217","196","80001","abbeville"
"581","Heures d'ensoleillement","","","","","80021","amiens"
"582","Hauteur de pluie","238","159","217","196","80021","amiens"
"583","Heures d'ensoleillement","33","59","76","38","81004","albi"
"584","Hauteur de pluie","175","272","183","193","81004","albi"
"585","Heures d'ensoleillement","33","59","76","38","81065","castres"
"586","Hauteur de pluie","175","272","183","193","81065","castres"
"587","Heures d'ensoleillement","32","54","63","32","82121","montauban"
"588","Hauteur de pluie","253","231","254","283","82121","montauban"
"589","Heures d'ensoleillement","","81","93","49","83050","draguignan"
"590","Hauteur de pluie","404","73","113","472","83050","draguignan"
"591","Heures d'ensoleillement","","","","","83061","frejus"
"592","Hauteur de pluie","487","98","257","226","83061","frejus"
"593","Heures d'ensoleillement","","","","","83062","la-garde"
"594","Hauteur de pluie","303","74","70","165","83062","la-garde"
"595","Heures d'ensoleillement","","","","","83069","hyeres"
"596","Hauteur de pluie","303","74","70","165","83069","hyeres"
"597","Heures d'ensoleillement","","","","","83118","saint-raphael"
"598","Hauteur de pluie","487","98","257","226","83118","saint-raphael"
"599","Heures d'ensoleillement","","","","","83126","la-seyne-sur-mer"
"600","Hauteur de pluie","303","74","70","165","83126","la-seyne-sur-mer"
"601","Heures d'ensoleillement","","","","","83129","six-fours-les-plages"
"602","Hauteur de pluie","303","74","70","165","83129","six-fours-les-plages"
"603","Heures d'ensoleillement","","","","","83137","toulon"
"604","Hauteur de pluie","303","74","70","165","83137","toulon"
"605","Heures d'ensoleillement","","","","","83144","la-valette-du-var"
"606","Hauteur de pluie","303","74","70","165","83144","la-valette-du-var"
"607","Heures d'ensoleillement","","","","","84007","avignon"
"608","Hauteur de pluie","248","130","151","105","84007","avignon"
"609","Heures d'ensoleillement","","","","","84031","carpentras"
"610","Hauteur de pluie","248","130","151","105","84031","carpentras"
"611","Heures d'ensoleillement","","","","","84035","cavaillon"
"612","Hauteur de pluie","263","87","119","114","84035","cavaillon"
"613","Heures d'ensoleillement","","","","","84087","orange"
"614","Hauteur de pluie","248","130","151","105","84087","orange"
"615","Heures d'ensoleillement","","","","","84089","pertuis"
"616","Hauteur de pluie","263","87","119","114","84089","pertuis"
"617","Heures d'ensoleillement","","","","","85047","challans"
"618","Hauteur de pluie","260","315","237","208","85047","challans"
"619","Heures d'ensoleillement","23","48","65","19","85146","montaigu-vendee"
"620","Hauteur de pluie","319","335","284","232","85146","montaigu-vendee"
"621","Heures d'ensoleillement","23","48","65","19","85191","la-roche-sur-yon"
"622","Hauteur de pluie","319","335","284","232","85191","la-roche-sur-yon"
"623","Heures d'ensoleillement","23","48","65","19","85194","les-sables-d-olonne"
"624","Hauteur de pluie","319","335","284","232","85194","les-sables-d-olonne"
"625","Heures d'ensoleillement","25","57","66","20","86066","chatellerault"
"626","Hauteur de pluie","234","266","99","207","86066","chatellerault"
"627","Heures d'ensoleillement","25","57","66","20","86194","poitiers"
"628","Hauteur de pluie","234","266","99","207","86194","poitiers"
"629","Heures d'ensoleillement","25","46","60","36","87085","limoges"
"630","Hauteur de pluie","325","362","254","266","87085","limoges"
"631","Heures d'ensoleillement","22","47","65","21","88160","epinal"
"632","Hauteur de pluie","260","337","338","246","88160","epinal"
"633","Heures d'ensoleillement","24","51","65","18","89024","auxerre"
"634","Hauteur de pluie","233","305","208","164","89024","auxerre"
"635","Heures d'ensoleillement","24","51","65","18","89387","sens"
"636","Hauteur de pluie","233","305","208","164","89387","sens"
"637","Heures d'ensoleillement","","","","","90010","belfort"
"638","Hauteur de pluie","235","348","326","305","90010","belfort"
"639","Heures d'ensoleillement","23","50","59","18","91027","athis-mons"
"640","Hauteur de pluie","205","177","248","183","91027","athis-mons"
"641","Heures d'ensoleillement","23","50","59","18","91103","bretigny-sur-orge"
"642","Hauteur de pluie","205","177","248","183","91103","bretigny-sur-orge"
"643","Heures d'ensoleillement","23","50","59","18","91114","brunoy"
"644","Hauteur de pluie","205","177","248","183","91114","brunoy"
"645","Heures d'ensoleillement","23","50","59","18","91174","corbeil-essonnes"
"646","Hauteur de pluie","205","177","248","183","91174","corbeil-essonnes"
"647","Heures d'ensoleillement","23","50","59","18","91201","draveil"
"648","Hauteur de pluie","205","177","248","183","91201","draveil"
"649","Heures d'ensoleillement","23","50","59","18","91223","etampes"
"650","Hauteur de pluie","205","177","248","183","91223","etampes"
"651","Heures d'ensoleillement","23","50","59","18","91228","evry-courcouronnes"
"652","Hauteur de pluie","205","177","248","183","91228","evry-courcouronnes"
"653","Heures d'ensoleillement","","","","","91272","gif-sur-yvette"
"654","Hauteur de pluie","199","240","208","255","91272","gif-sur-yvette"
"655","Heures d'ensoleillement","23","50","59","18","91286","grigny"
"656","Hauteur de pluie","205","177","248","183","91286","grigny"
"657","Heures d'ensoleillement","23","50","59","18","91345","longjumeau"
"658","Hauteur de pluie","205","177","248","183","91345","longjumeau"
"659","Heures d'ensoleillement","","","","","91377","massy"
"660","Hauteur de pluie","199","240","208","255","91377","massy"
"661","Heures d'ensoleillement","23","50","59","18","91421","montgeron"
"662","Hauteur de pluie","205","177","248","183","91421","montgeron"
"663","Heures d'ensoleillement","23","50","59","18","91434","morsang-sur-orge"
"664","Hauteur de pluie","205","177","248","183","91434","morsang-sur-orge"
"665","Heures d'ensoleillement","","","","","91477","palaiseau"
"666","Hauteur de pluie","199","240","208","255","91477","palaiseau"
"667","Heures d'ensoleillement","23","50","59","18","91521","ris-orangis"
"668","Hauteur de pluie","205","177","248","183","91521","ris-orangis"
"669","Heures d'ensoleillement","23","50","59","18","91549","sainte-genevieve-des-bois"
"670","Hauteur de pluie","205","177","248","183","91549","sainte-genevieve-des-bois"
"671","Heures d'ensoleillement","23","50","59","18","91570","saint-michel-sur-orge"
"672","Hauteur de pluie","205","177","248","183","91570","saint-michel-sur-orge"
"673","Heures d'ensoleillement","23","50","59","18","91589","savigny-sur-orge"
"674","Hauteur de pluie","205","177","248","183","91589","savigny-sur-orge"
"675","Heures d'ensoleillement","23","50","59","18","91657","vigneux-sur-seine"
"676","Hauteur de pluie","205","177","248","183","91657","vigneux-sur-seine"
"677","Heures d'ensoleillement","23","50","59","18","91687","viry-chatillon"
"678","Hauteur de pluie","205","177","248","183","91687","viry-chatillon"
"679","Heures d'ensoleillement","23","50","59","18","91691","yerres"
"680","Hauteur de pluie","205","177","248","183","91691","yerres"
"681","Heures d'ensoleillement","","","","","91692","les-ulis"
"682","Hauteur de pluie","199","240","208","255","91692","les-ulis"
"683","Heures d'ensoleillement","","","","","92002","antony"
"684","Hauteur de pluie","199","240","208","255","92002","antony"
"685","Heures d'ensoleillement","25","50","56","18","92004","asnieres-sur-seine"
"686","Hauteur de pluie","222","194","246","240","92004","asnieres-sur-seine"
"687","Heures d'ensoleillement","25","50","56","18","92007","bagneux"
"688","Hauteur de pluie","222","194","246","240","92007","bagneux"
"689","Heures d'ensoleillement","25","50","56","18","92009","bois-colombes"
"690","Hauteur de pluie","222","194","246","240","92009","bois-colombes"
"691","Heures d'ensoleillement","25","50","56","18","92012","boulogne-billancourt"
"692","Hauteur de pluie","222","194","246","240","92012","boulogne-billancourt"
"693","Heures d'ensoleillement","25","50","56","18","92014","bourg-la-reine"
"694","Hauteur de pluie","222","194","246","240","92014","bourg-la-reine"
"695","Heures d'ensoleillement","","","","","92019","chatenay-malabry"
"696","Hauteur de pluie","199","240","208","255","92019","chatenay-malabry"
"697","Heures d'ensoleillement","25","50","56","18","92020","chatillon"
"698","Hauteur de pluie","222","194","246","240","92020","chatillon"
"699","Heures d'ensoleillement","25","50","56","18","92023","clamart"
"700","Hauteur de pluie","222","194","246","240","92023","clamart"
"701","Heures d'ensoleillement","25","50","56","18","92024","clichy"
"702","Hauteur de pluie","222","194","246","240","92024","clichy"
"703","Heures d'ensoleillement","25","50","56","18","92025","colombes"
"704","Hauteur de pluie","222","194","246","240","92025","colombes"
"705","Heures d'ensoleillement","25","50","56","18","92026","courbevoie"
"706","Hauteur de pluie","222","194","246","240","92026","courbevoie"
"707","Heures d'ensoleillement","25","50","56","18","92032","fontenay-aux-roses"
"708","Hauteur de pluie","222","194","246","240","92032","fontenay-aux-roses"
"709","Heures d'ensoleillement","25","50","56","18","92035","la-garenne-colombes"
"710","Hauteur de pluie","222","194","246","240","92035","la-garenne-colombes"
"711","Heures d'ensoleillement","","","","","92036","gennevilliers"
"712","Hauteur de pluie","221","180","205","230","92036","gennevilliers"
"713","Heures d'ensoleillement","25","50","56","18","92040","issy-les-moulineaux"
"714","Hauteur de pluie","222","194","246","240","92040","issy-les-moulineaux"
"715","Heures d'ensoleillement","25","50","56","18","92044","levallois-perret"
"716","Hauteur de pluie","222","194","246","240","92044","levallois-perret"
"717","Heures d'ensoleillement","25","50","56","18","92046","malakoff"
"718","Hauteur de pluie","222","194","246","240","92046","malakoff"
"719","Heures d'ensoleillement","","","","","92048","meudon"
"720","Hauteur de pluie","199","240","208","255","92048","meudon"
"721","Heures d'ensoleillement","25","50","56","18","92049","montrouge"
"722","Hauteur de pluie","222","194","246","240","92049","montrouge"
"723","Heures d'ensoleillement","25","50","56","18","92050","nanterre"
"724","Hauteur de pluie","222","194","246","240","92050","nanterre"
"725","Heures d'ensoleillement","25","50","56","18","92051","neuilly-sur-seine"
"726","Hauteur de pluie","222","194","246","240","92051","neuilly-sur-seine"
"727","Heures d'ensoleillement","","","","","92060","le-plessis-robinson"
"728","Hauteur de pluie","199","240","208","255","92060","le-plessis-robinson"
"729","Heures d'ensoleillement","25","50","56","18","92062","puteaux"
"730","Hauteur de pluie","222","194","246","240","92062","puteaux"
"731","Heures d'ensoleillement","","","","","92063","rueil-malmaison"
"732","Hauteur de pluie","199","240","208","255","92063","rueil-malmaison"
"733","Heures d'ensoleillement","","","","","92064","saint-cloud"
"734","Hauteur de pluie","199","240","208","255","92064","saint-cloud"
"735","Heures d'ensoleillement","25","50","56","18","92071","sceaux"
"736","Hauteur de pluie","222","194","246","240","92071","sceaux"
"737","Heures d'ensoleillement","","","","","92072","sevres"
"738","Hauteur de pluie","199","240","208","255","92072","sevres"
"739","Heures d'ensoleillement","25","50","56","18","92073","suresnes"
"740","Hauteur de pluie","222","194","246","240","92073","suresnes"
"741","Heures d'ensoleillement","25","50","56","18","92075","vanves"
"742","Hauteur de pluie","222","194","246","240","92075","vanves"
"743","Heures d'ensoleillement","","","","","92078","villeneuve-la-garenne"
"744","Hauteur de pluie","221","180","205","230","92078","villeneuve-la-garenne"
"745","Heures d'ensoleillement","","","","","93001","aubervilliers"
"746","Hauteur de pluie","221","180","205","230","93001","aubervilliers"
"747","Heures d'ensoleillement","","","","","93005","aulnay-sous-bois"
"748","Hauteur de pluie","221","180","205","230","93005","aulnay-sous-bois"
"749","Heures d'ensoleillement","25","50","56","18","93006","bagnolet"
"750","Hauteur de pluie","222","194","246","240","93006","bagnolet"
"751","Heures d'ensoleillement","","","","","93007","le-blanc-mesnil"
"752","Hauteur de pluie","221","180","205","230","93007","le-blanc-mesnil"
"753","Heures d'ensoleillement","","","","","93008","bobigny"
"754","Hauteur de pluie","221","180","205","230","93008","bobigny"
"755","Heures d'ensoleillement","","","","","93010","bondy"
"756","Hauteur de pluie","221","180","205","230","93010","bondy"
"757","Heures d'ensoleillement","","","","","93014","clichy-sous-bois"
"758","Hauteur de pluie","221","180","205","230","93014","clichy-sous-bois"
"759","Heures d'ensoleillement","","","","","93027","la-courneuve"
"760","Hauteur de pluie","221","180","205","230","93027","la-courneuve"
"761","Heures d'ensoleillement","","","","","93029","drancy"
"762","Hauteur de pluie","221","180","205","230","93029","drancy"
"763","Heures d'ensoleillement","","","","","93031","epinay-sur-seine"
"764","Hauteur de pluie","221","180","205","230","93031","epinay-sur-seine"
"765","Heures d'ensoleillement","","","","","93032","gagny"
"766","Hauteur de pluie","221","180","205","230","93032","gagny"
"767","Heures d'ensoleillement","25","50","56","18","93045","les-lilas"
"768","Hauteur de pluie","222","194","246","240","93045","les-lilas"
"769","Heures d'ensoleillement","","","","","93046","livry-gargan"
"770","Hauteur de pluie","221","180","205","230","93046","livry-gargan"
"771","Heures d'ensoleillement","","","","","93047","montfermeil"
"772","Hauteur de pluie","221","180","205","230","93047","montfermeil"
"773","Heures d'ensoleillement","25","50","56","18","93048","montreuil"
"774","Hauteur de pluie","222","194","246","240","93048","montreuil"
"775","Heures d'ensoleillement","","","","","93049","neuilly-plaisance"
"776","Hauteur de pluie","221","180","205","230","93049","neuilly-plaisance"
"777","Heures d'ensoleillement","","","","","93050","neuilly-sur-marne"
"778","Hauteur de pluie","221","180","205","230","93050","neuilly-sur-marne"
"779","Heures d'ensoleillement","","","","","93051","noisy-le-grand"
"780","Hauteur de pluie","221","180","205","230","93051","noisy-le-grand"
"781","Heures d'ensoleillement","","","","","93053","noisy-le-sec"
"782","Hauteur de pluie","221","180","205","230","93053","noisy-le-sec"
"783","Heures d'ensoleillement","","","","","93055","pantin"
"784","Hauteur de pluie","221","180","205","230","93055","pantin"
"785","Heures d'ensoleillement","","","","","93057","les-pavillons-sous-bois"
"786","Hauteur de pluie","221","180","205","230","93057","les-pavillons-sous-bois"
"787","Heures d'ensoleillement","","","","","93059","pierrefitte-sur-seine"
"788","Hauteur de pluie","221","180","205","230","93059","pierrefitte-sur-seine"
"789","Heures d'ensoleillement","","","","","93063","romainville"
"790","Hauteur de pluie","221","180","205","230","93063","romainville"
"791","Heures d'ensoleillement","","","","","93064","rosny-sous-bois"
"792","Hauteur de pluie","221","180","205","230","93064","rosny-sous-bois"
"793","Heures d'ensoleillement","","","","","93066","saint-denis"
"794","Hauteur de pluie","221","180","205","230","93066","saint-denis"
"795","Heures d'ensoleillement","","","","","93070","saint-ouen-sur-seine"
"796","Hauteur de pluie","221","180","205","230","93070","saint-ouen-sur-seine"
"797","Heures d'ensoleillement","","","","","93071","sevran"
"798","Hauteur de pluie","221","180","205","230","93071","sevran"
"799","Heures d'ensoleillement","","","","","93072","stains"
"800","Hauteur de pluie","221","180","205","230","93072","stains"
"801","Heures d'ensoleillement","","","","","93073","tremblay-en-france"
"802","Hauteur de pluie","221","180","205","230","93073","tremblay-en-france"
"803","Heures d'ensoleillement","","","","","93077","villemomble"
"804","Hauteur de pluie","221","180","205","230","93077","villemomble"
"805","Heures d'ensoleillement","","","","","93078","villepinte"
"806","Hauteur de pluie","221","180","205","230","93078","villepinte"
"807","Heures d'ensoleillement","25","50","56","18","94002","alfortville"
"808","Hauteur de pluie","222","194","246","240","94002","alfortville"
"809","Heures d'ensoleillement","25","50","56","18","94003","arcueil"
"810","Hauteur de pluie","222","194","246","240","94003","arcueil"
"811","Heures d'ensoleillement","25","50","56","18","94016","cachan"
"812","Hauteur de pluie","222","194","246","240","94016","cachan"
"813","Heures d'ensoleillement","25","50","56","18","94017","champigny-sur-marne"
"814","Hauteur de pluie","222","194","246","240","94017","champigny-sur-marne"
"815","Heures d'ensoleillement","25","50","56","18","94018","charenton-le-pont"
"816","Hauteur de pluie","222","194","246","240","94018","charenton-le-pont"
"817","Heures d'ensoleillement","25","50","56","18","94021","chevilly-larue"
"818","Hauteur de pluie","222","194","246","240","94021","chevilly-larue"
"819","Heures d'ensoleillement","23","50","59","18","94022","choisy-le-roi"
"820","Hauteur de pluie","205","177","248","183","94022","choisy-le-roi"
"821","Heures d'ensoleillement","25","50","56","18","94028","creteil"
"822","Hauteur de pluie","222","194","246","240","94028","creteil"
"823","Heures d'ensoleillement","25","50","56","18","94033","fontenay-sous-bois"
"824","Hauteur de pluie","222","194","246","240","94033","fontenay-sous-bois"
"825","Heures d'ensoleillement","23","50","59","18","94034","fresnes"
"826","Hauteur de pluie","205","177","248","183","94034","fresnes"
"827","Heures d'ensoleillement","25","50","56","18","94038","l-hay-les-roses"
"828","Hauteur de pluie","222","194","246","240","94038","l-hay-les-roses"
"829","Heures d'ensoleillement","25","50","56","18","94041","ivry-sur-seine"
"830","Hauteur de pluie","222","194","246","240","94041","ivry-sur-seine"
"831","Heures d'ensoleillement","25","50","56","18","94042","joinville-le-pont"
"832","Hauteur de pluie","222","194","246","240","94042","joinville-le-pont"
"833","Heures d'ensoleillement","25","50","56","18","94043","le-kremlin-bicetre"
"834","Hauteur de pluie","222","194","246","240","94043","le-kremlin-bicetre"
"835","Heures d'ensoleillement","23","50","59","18","94044","limeil-brevannes"
"836","Hauteur de pluie","205","177","248","183","94044","limeil-brevannes"
"837","Heures d'ensoleillement","25","50","56","18","94046","maisons-alfort"
"838","Hauteur de pluie","222","194","246","240","94046","maisons-alfort"
"839","Heures d'ensoleillement","25","50","56","18","94052","nogent-sur-marne"
"840","Hauteur de pluie","222","194","246","240","94052","nogent-sur-marne"
"841","Heures d'ensoleillement","23","50","59","18","94054","orly"
"842","Hauteur de pluie","205","177","248","183","94054","orly"
"843","Heures d'ensoleillement","25","50","56","18","94058","le-perreux-sur-marne"
"844","Hauteur de pluie","222","194","246","240","94058","le-perreux-sur-marne"
"845","Heures d'ensoleillement","23","50","59","18","94059","le-plessis-trevise"
"846","Hauteur de pluie","205","177","248","183","94059","le-plessis-trevise"
"847","Heures d'ensoleillement","25","50","56","18","94067","saint-mande"
"848","Hauteur de pluie","222","194","246","240","94067","saint-mande"
"849","Heures d'ensoleillement","25","50","56","18","94068","saint-maur-des-fosses"
"850","Hauteur de pluie","222","194","246","240","94068","saint-maur-des-fosses"
"851","Heures d'ensoleillement","23","50","59","18","94071","sucy-en-brie"
"852","Hauteur de pluie","205","177","248","183","94071","sucy-en-brie"
"853","Heures d'ensoleillement","23","50","59","18","94073","thiais"
"854","Hauteur de pluie","205","177","248","183","94073","thiais"
"855","Heures d'ensoleillement","25","50","56","18","94076","villejuif"
"856","Hauteur de pluie","222","194","246","240","94076","villejuif"
"857","Heures d'ensoleillement","23","50","59","18","94077","villeneuve-le-roi"
"858","Hauteur de pluie","205","177","248","183","94077","villeneuve-le-roi"
"859","Heures d'ensoleillement","23","50","59","18","94078","villeneuve-saint-georges"
"860","Hauteur de pluie","205","177","248","183","94078","villeneuve-saint-georges"
"861","Heures d'ensoleillement","25","50","56","18","94079","villiers-sur-marne"
"862","Hauteur de pluie","222","194","246","240","94079","villiers-sur-marne"
"863","Heures d'ensoleillement","25","50","56","18","94080","vincennes"
"864","Hauteur de pluie","222","194","246","240","94080","vincennes"
"865","Heures d'ensoleillement","25","50","56","18","94081","vitry-sur-seine"
"866","Hauteur de pluie","222","194","246","240","94081","vitry-sur-seine"
"867","Heures d'ensoleillement","","","","","95018","argenteuil"
"868","Hauteur de pluie","221","180","205","230","95018","argenteuil"
"869","Heures d'ensoleillement","25","50","56","18","95063","bezons"
"870","Hauteur de pluie","222","194","246","240","95063","bezons"
"871","Heures d'ensoleillement","","","","","95127","cergy"
"872","Hauteur de pluie","221","180","205","230","95127","cergy"
"873","Heures d'ensoleillement","","","","","95176","cormeilles-en-parisis"
"874","Hauteur de pluie","221","180","205","230","95176","cormeilles-en-parisis"
"875","Heures d'ensoleillement","","","","","95197","deuil-la-barre"
"876","Hauteur de pluie","221","180","205","230","95197","deuil-la-barre"
"877","Heures d'ensoleillement","","","","","95203","eaubonne"
"878","Hauteur de pluie","221","180","205","230","95203","eaubonne"
"879","Heures d'ensoleillement","","","","","95219","ermont"
"880","Hauteur de pluie","221","180","205","230","95219","ermont"
"881","Heures d'ensoleillement","","","","","95252","franconville"
"882","Hauteur de pluie","221","180","205","230","95252","franconville"
"883","Heures d'ensoleillement","","","","","95268","garges-les-gonesse"
"884","Hauteur de pluie","221","180","205","230","95268","garges-les-gonesse"
"885","Heures d'ensoleillement","","","","","95277","gonesse"
"886","Hauteur de pluie","221","180","205","230","95277","gonesse"
"887","Heures d'ensoleillement","","","","","95280","goussainville"
"888","Hauteur de pluie","221","180","205","230","95280","goussainville"
"889","Heures d'ensoleillement","","","","","95306","herblay-sur-seine"
"890","Hauteur de pluie","221","180","205","230","95306","herblay-sur-seine"
"891","Heures d'ensoleillement","","","","","95424","montigny-les-cormeilles"
"892","Hauteur de pluie","221","180","205","230","95424","montigny-les-cormeilles"
"893","Heures d'ensoleillement","","","","","95428","montmorency"
"894","Hauteur de pluie","221","180","205","230","95428","montmorency"
"895","Heures d'ensoleillement","","","","","95500","pontoise"
"896","Hauteur de pluie","221","180","205","230","95500","pontoise"
"897","Heures d'ensoleillement","","","","","95555","saint-gratien"
"898","Hauteur de pluie","221","180","205","230","95555","saint-gratien"
"899","Heures d'ensoleillement","","","","","95572","saint-ouen-l-aumone"
"900","Hauteur de pluie","221","180","205","230","95572","saint-ouen-l-aumone"
"901","Heures d'ensoleillement","","","","","95582","sannois"
"902","Hauteur de pluie","221","180","205","230","95582","sannois"
"903","Heures d'ensoleillement","","","","","95585","sarcelles"
"904","Hauteur de pluie","221","180","205","230","95585","sarcelles"
"905","Heures d'ensoleillement","","","","","95607","taverny"
"906","Hauteur de pluie","221","180","205","230","95607","taverny"
"907","Heures d'ensoleillement","","","","","95680","villiers-le-bel"
"908","Hauteur de pluie","221","180","205","230","95680","villiers-le-bel"
"909","Heures d'ensoleillement","","","","","97101","les-abymes"
"910","Hauteur de pluie","","","","","97101","les-abymes"
"911","Heures d'ensoleillement","","","","","97103","baie-mahault"
"912","Hauteur de pluie","","","","","97103","baie-mahault"
"913","Heures d'ensoleillement","","","","","97113","le-gosier"
"914","Hauteur de pluie","","","","","97113","le-gosier"
"915","Heures d'ensoleillement","","","","","97117","le-moule"
"916","Hauteur de pluie","","","","","97117","le-moule"
"917","Heures d'ensoleillement","","","","","97118","petit-bourg"
"918","Hauteur de pluie","","","","","97118","petit-bourg"
"919","Heures d'ensoleillement","","","","","97128","sainte-anne"
"920","Hauteur de pluie","","","","","97128","sainte-anne"
"921","Heures d'ensoleillement","","","","","97209","fort-de-france"
"922","Hauteur de pluie","","","","","97209","fort-de-france"
"923","Heures d'ensoleillement","","","","","97213","le-lamentin"
"924","Hauteur de pluie","","","","","97213","le-lamentin"
"925","Heures d'ensoleillement","","","","","97222","le-robert"
"926","Hauteur de pluie","","","","","97222","le-robert"
"927","Heures d'ensoleillement","","","","","97302","cayenne"
"928","Hauteur de pluie","","","","","97302","cayenne"
"929","Heures d'ensoleillement","","","","","97304","kourou"
"930","Hauteur de pluie","","","","","97304","kourou"
"931","Heures d'ensoleillement","","","","","97307","matoury"
"932","Hauteur de pluie","","","","","97307","matoury"
"933","Heures d'ensoleillement","","","","","97309","remire-montjoly"
"934","Hauteur de pluie","","","","","97309","remire-montjoly"
"935","Heures d'ensoleillement","","","","","97311","saint-laurent-du-maroni"
"936","Hauteur de pluie","","","","","97311","saint-laurent-du-maroni"
"937","Heures d'ensoleillement","","","","","97407","le-port"
"938","Hauteur de pluie","","","","","97407","le-port"
"939","Heures d'ensoleillement","","","","","97408","la-possession"
"940","Hauteur de pluie","","","","","97408","la-possession"
"941","Heures d'ensoleillement","","","","","97409","saint-andre"
"942","Hauteur de pluie","","","","","97409","saint-andre"
"943","Heures d'ensoleillement","","","","","97410","saint-benoit"
"944","Hauteur de pluie","","","","","97410","saint-benoit"
"945","Heures d'ensoleillement","","","","","97411","saint-denis"
"946","Hauteur de pluie","","","","","97411","saint-denis"
"947","Heures d'ensoleillement","","","","","97412","saint-joseph"
"948","Hauteur de pluie","","","","","97412","saint-joseph"
"949","Heures d'ensoleillement","","","","","97413","saint-leu"
"950","Hauteur de pluie","","","","","97413","saint-leu"
"951","Heures d'ensoleillement","","","","","97414","saint-louis"
"952","Hauteur de pluie","","","","","97414","saint-louis"
"953","Heures d'ensoleillement","","","","","97415","saint-paul"
"954","Hauteur de pluie","","","","","97415","saint-paul"
"955","Heures d'ensoleillement","","","","","97416","saint-pierre"
"956","Hauteur de pluie","","","","","97416","saint-pierre"
"957","Heures d'ensoleillement","","","","","97418","sainte-marie"
"958","Hauteur de pluie","","","","","97418","sainte-marie"
"959","Heures d'ensoleillement","","","","","97420","sainte-suzanne"
"960","Hauteur de pluie","","","","","97420","sainte-suzanne"
"961","Heures d'ensoleillement","","","","","97422","le-tampon"
"962","Hauteur de pluie","","","","","97422","le-tampon"
"963","Heures d'ensoleillement","","","","","97610","koungou"
"964","Hauteur de pluie","","","","","97610","koungou"
"965","Heures d'ensoleillement","","","","","97611","mamoudzou"
"966","Hauteur de pluie","","","","","97611","mamoudzou"
